               total        used        free      shared  buff/cache   available
Mem:           125Gi        85Gi       1.6Gi        84Mi        38Gi        39Gi
Swap:          8.0Gi        31Mi       8.0Gi
               total        used        free      shared  buff/cache   available
Mem:           125Gi        85Gi       1.6Gi        84Mi        38Gi        39Gi
Swap:          8.0Gi        31Mi       8.0Gi
               total        used        free      shared  buff/cache   available
Mem:           125Gi        85Gi       1.6Gi        84Mi        38Gi        39Gi
Swap:          8.0Gi        31Mi       8.0Gi
               total        used        free      shared  buff/cache   available
Mem:           125Gi        85Gi       1.6Gi        84Mi        38Gi        39Gi
Swap:          8.0Gi        31Mi       8.0Gi
               total        used        free      shared  buff/cache   available
Mem:           125Gi        85Gi       1.6Gi        84Mi        38Gi        39Gi
Swap:          8.0Gi        31Mi       8.0Gi
               total        used        free      shared  buff/cache   available
Mem:           125Gi        85Gi       1.6Gi        84Mi        38Gi        39Gi
Swap:          8.0Gi        31Mi       8.0Gi
               total        used        free      shared  buff/cache   available
Mem:           125Gi        85Gi       1.6Gi        84Mi        38Gi        39Gi
Swap:          8.0Gi        31Mi       8.0Gi
               total        used        free      shared  buff/cache   available
Mem:           125Gi        85Gi       1.6Gi        84Mi        38Gi        39Gi
Swap:          8.0Gi        31Mi       8.0Gi
               total        used        free      shared  buff/cache   available
Mem:           125Gi        85Gi       1.6Gi        84Mi        38Gi        39Gi
Swap:          8.0Gi        31Mi       8.0Gi
               total        used        free      shared  buff/cache   available
Mem:           125Gi        85Gi       1.6Gi        84Mi        38Gi        39Gi
Swap:          8.0Gi        31Mi       8.0Gi
               total        used        free      shared  buff/cache   available
Mem:           125Gi        85Gi       1.6Gi        84Mi        38Gi        39Gi
Swap:          8.0Gi        31Mi       8.0Gi
               total        used        free      shared  buff/cache   available
Mem:           125Gi        85Gi       1.6Gi        84Mi        38Gi        39Gi
Swap:          8.0Gi        31Mi       8.0Gi
               total        used        free      shared  buff/cache   available
Mem:           125Gi        85Gi       1.6Gi        84Mi        38Gi        39Gi
Swap:          8.0Gi        31Mi       8.0Gi
               total        used        free      shared  buff/cache   available
Mem:           125Gi        85Gi       1.6Gi        84Mi        38Gi        39Gi
Swap:          8.0Gi        31Mi       8.0Gi
               total        used        free      shared  buff/cache   available
Mem:           125Gi        85Gi       1.6Gi        84Mi        38Gi        39Gi
Swap:          8.0Gi        31Mi       8.0Gi
               total        used        free      shared  buff/cache   available
Mem:           125Gi        85Gi       1.6Gi        84Mi        38Gi        39Gi
Swap:          8.0Gi        31Mi       8.0Gi
               total        used        free      shared  buff/cache   available
Mem:           125Gi        85Gi       1.6Gi        84Mi        38Gi        39Gi
Swap:          8.0Gi        31Mi       8.0Gi
               total        used        free      shared  buff/cache   available
Mem:           125Gi        85Gi       1.6Gi        84Mi        38Gi        39Gi
Swap:          8.0Gi        31Mi       8.0Gi
               total        used        free      shared  buff/cache   available
Mem:           125Gi        85Gi       1.6Gi        84Mi        38Gi        39Gi
Swap:          8.0Gi        31Mi       8.0Gi
               total        used        free      shared  buff/cache   available
Mem:           125Gi        85Gi       1.6Gi        84Mi        38Gi        39Gi
Swap:          8.0Gi        31Mi       8.0Gi
               total        used        free      shared  buff/cache   available
Mem:           125Gi        86Gi       1.5Gi        84Mi        38Gi        39Gi
Swap:          8.0Gi        31Mi       8.0Gi
               total        used        free      shared  buff/cache   available
Mem:           125Gi        86Gi       1.5Gi        84Mi        38Gi        39Gi
Swap:          8.0Gi        31Mi       8.0Gi
               total        used        free      shared  buff/cache   available
Mem:           125Gi        86Gi       1.4Gi        84Mi        38Gi        38Gi
Swap:          8.0Gi        31Mi       8.0Gi
               total        used        free      shared  buff/cache   available
Mem:           125Gi        86Gi       1.3Gi        84Mi        38Gi        38Gi
Swap:          8.0Gi        31Mi       8.0Gi
               total        used        free      shared  buff/cache   available
Mem:           125Gi        86Gi       1.3Gi        84Mi        38Gi        38Gi
Swap:          8.0Gi        31Mi       8.0Gi
               total        used        free      shared  buff/cache   available
Mem:           125Gi        86Gi       1.3Gi        84Mi        38Gi        38Gi
Swap:          8.0Gi        31Mi       8.0Gi
               total        used        free      shared  buff/cache   available
Mem:           125Gi        86Gi       1.5Gi        84Mi        38Gi        38Gi
Swap:          8.0Gi        35Mi       8.0Gi
               total        used        free      shared  buff/cache   available
Mem:           125Gi        86Gi       1.5Gi        84Mi        38Gi        38Gi
Swap:          8.0Gi        35Mi       8.0Gi
               total        used        free      shared  buff/cache   available
Mem:           125Gi        86Gi       1.5Gi        84Mi        38Gi        38Gi
Swap:          8.0Gi        35Mi       8.0Gi
               total        used        free      shared  buff/cache   available
Mem:           125Gi        86Gi       1.5Gi        84Mi        38Gi        38Gi
Swap:          8.0Gi        35Mi       8.0Gi
               total        used        free      shared  buff/cache   available
Mem:           125Gi        86Gi       1.5Gi        84Mi        38Gi        38Gi
Swap:          8.0Gi        35Mi       8.0Gi
               total        used        free      shared  buff/cache   available
Mem:           125Gi        86Gi       1.5Gi        84Mi        38Gi        38Gi
Swap:          8.0Gi        35Mi       8.0Gi
               total        used        free      shared  buff/cache   available
Mem:           125Gi        86Gi       1.5Gi        84Mi        38Gi        38Gi
Swap:          8.0Gi        35Mi       8.0Gi
               total        used        free      shared  buff/cache   available
Mem:           125Gi        86Gi       1.5Gi        84Mi        38Gi        38Gi
Swap:          8.0Gi        35Mi       8.0Gi
               total        used        free      shared  buff/cache   available
Mem:           125Gi        86Gi       1.5Gi        84Mi        38Gi        38Gi
Swap:          8.0Gi        35Mi       8.0Gi
               total        used        free      shared  buff/cache   available
Mem:           125Gi        86Gi       1.5Gi        84Mi        38Gi        38Gi
Swap:          8.0Gi        35Mi       8.0Gi
               total        used        free      shared  buff/cache   available
Mem:           125Gi        86Gi       1.5Gi        84Mi        38Gi        38Gi
Swap:          8.0Gi        35Mi       8.0Gi
               total        used        free      shared  buff/cache   available
Mem:           125Gi        86Gi       1.5Gi        84Mi        38Gi        38Gi
Swap:          8.0Gi        35Mi       8.0Gi
               total        used        free      shared  buff/cache   available
Mem:           125Gi        86Gi       1.5Gi        84Mi        38Gi        38Gi
Swap:          8.0Gi        35Mi       8.0Gi
               total        used        free      shared  buff/cache   available
Mem:           125Gi        86Gi       1.5Gi        84Mi        38Gi        38Gi
Swap:          8.0Gi        35Mi       8.0Gi
               total        used        free      shared  buff/cache   available
Mem:           125Gi        86Gi       1.5Gi        84Mi        38Gi        38Gi
Swap:          8.0Gi        35Mi       8.0Gi
               total        used        free      shared  buff/cache   available
Mem:           125Gi        86Gi       1.5Gi        84Mi        38Gi        38Gi
Swap:          8.0Gi        35Mi       8.0Gi
               total        used        free      shared  buff/cache   available
Mem:           125Gi        86Gi       1.5Gi        84Mi        38Gi        38Gi
Swap:          8.0Gi        35Mi       8.0Gi
               total        used        free      shared  buff/cache   available
Mem:           125Gi        86Gi       1.5Gi        84Mi        38Gi        38Gi
Swap:          8.0Gi        35Mi       8.0Gi
               total        used        free      shared  buff/cache   available
Mem:           125Gi        86Gi       1.6Gi        84Mi        38Gi        38Gi
Swap:          8.0Gi        35Mi       8.0Gi
               total        used        free      shared  buff/cache   available
Mem:           125Gi        86Gi       1.6Gi        84Mi        38Gi        38Gi
Swap:          8.0Gi        35Mi       8.0Gi
               total        used        free      shared  buff/cache   available
Mem:           125Gi        86Gi       1.6Gi        84Mi        38Gi        38Gi
Swap:          8.0Gi        35Mi       8.0Gi
               total        used        free      shared  buff/cache   available
Mem:           125Gi        86Gi       1.6Gi        84Mi        38Gi        38Gi
Swap:          8.0Gi        35Mi       8.0Gi
               total        used        free      shared  buff/cache   available
Mem:           125Gi        86Gi       1.6Gi        84Mi        38Gi        38Gi
Swap:          8.0Gi        35Mi       8.0Gi
               total        used        free      shared  buff/cache   available
Mem:           125Gi        86Gi       1.6Gi        84Mi        38Gi        38Gi
Swap:          8.0Gi        35Mi       8.0Gi
               total        used        free      shared  buff/cache   available
Mem:           125Gi        86Gi       1.6Gi        84Mi        38Gi        38Gi
Swap:          8.0Gi        35Mi       8.0Gi
               total        used        free      shared  buff/cache   available
Mem:           125Gi        86Gi       1.6Gi        84Mi        38Gi        38Gi
Swap:          8.0Gi        35Mi       8.0Gi
               total        used        free      shared  buff/cache   available
Mem:           125Gi        86Gi       1.6Gi        84Mi        38Gi        38Gi
Swap:          8.0Gi        35Mi       8.0Gi
               total        used        free      shared  buff/cache   available
Mem:           125Gi        86Gi       1.6Gi        84Mi        38Gi        38Gi
Swap:          8.0Gi        35Mi       8.0Gi
               total        used        free      shared  buff/cache   available
Mem:           125Gi        86Gi       1.6Gi        84Mi        38Gi        38Gi
Swap:          8.0Gi        35Mi       8.0Gi
               total        used        free      shared  buff/cache   available
Mem:           125Gi        86Gi       1.7Gi        84Mi        38Gi        38Gi
Swap:          8.0Gi        35Mi       8.0Gi
               total        used        free      shared  buff/cache   available
Mem:           125Gi        86Gi       1.7Gi        84Mi        38Gi        38Gi
Swap:          8.0Gi        35Mi       8.0Gi
               total        used        free      shared  buff/cache   available
Mem:           125Gi        86Gi       1.7Gi        84Mi        38Gi        38Gi
Swap:          8.0Gi        35Mi       8.0Gi
               total        used        free      shared  buff/cache   available
Mem:           125Gi        86Gi       1.7Gi        84Mi        38Gi        38Gi
Swap:          8.0Gi        35Mi       8.0Gi
               total        used        free      shared  buff/cache   available
Mem:           125Gi        86Gi       1.7Gi        84Mi        38Gi        38Gi
Swap:          8.0Gi        35Mi       8.0Gi
               total        used        free      shared  buff/cache   available
Mem:           125Gi        86Gi       1.7Gi        84Mi        38Gi        38Gi
Swap:          8.0Gi        35Mi       8.0Gi
               total        used        free      shared  buff/cache   available
Mem:           125Gi        86Gi       1.7Gi        84Mi        38Gi        38Gi
Swap:          8.0Gi        35Mi       8.0Gi
               total        used        free      shared  buff/cache   available
Mem:           125Gi        86Gi       1.7Gi        84Mi        38Gi        38Gi
Swap:          8.0Gi        35Mi       8.0Gi
               total        used        free      shared  buff/cache   available
Mem:           125Gi        86Gi       1.7Gi        84Mi        38Gi        38Gi
Swap:          8.0Gi        35Mi       8.0Gi
               total        used        free      shared  buff/cache   available
Mem:           125Gi        86Gi       1.7Gi        84Mi        38Gi        38Gi
Swap:          8.0Gi        35Mi       8.0Gi
               total        used        free      shared  buff/cache   available
Mem:           125Gi        86Gi       1.7Gi        84Mi        38Gi        38Gi
Swap:          8.0Gi        35Mi       8.0Gi
               total        used        free      shared  buff/cache   available
Mem:           125Gi        86Gi       1.7Gi        84Mi        38Gi        38Gi
Swap:          8.0Gi        35Mi       8.0Gi
               total        used        free      shared  buff/cache   available
Mem:           125Gi        86Gi       1.7Gi        84Mi        38Gi        38Gi
Swap:          8.0Gi        35Mi       8.0Gi
               total        used        free      shared  buff/cache   available
Mem:           125Gi        86Gi       1.7Gi        84Mi        38Gi        38Gi
Swap:          8.0Gi        35Mi       8.0Gi
               total        used        free      shared  buff/cache   available
Mem:           125Gi        86Gi       1.7Gi        84Mi        38Gi        38Gi
Swap:          8.0Gi        35Mi       8.0Gi
               total        used        free      shared  buff/cache   available
Mem:           125Gi        86Gi       1.7Gi        84Mi        38Gi        38Gi
Swap:          8.0Gi        35Mi       8.0Gi
               total        used        free      shared  buff/cache   available
Mem:           125Gi        86Gi       1.5Gi        84Mi        38Gi        38Gi
Swap:          8.0Gi        35Mi       8.0Gi
               total        used        free      shared  buff/cache   available
Mem:           125Gi        86Gi       1.3Gi        84Mi        38Gi        38Gi
Swap:          8.0Gi        35Mi       8.0Gi
               total        used        free      shared  buff/cache   available
Mem:           125Gi        86Gi       1.3Gi        84Mi        38Gi        38Gi
Swap:          8.0Gi        35Mi       8.0Gi
               total        used        free      shared  buff/cache   available
Mem:           125Gi        86Gi       1.3Gi        84Mi        38Gi        38Gi
Swap:          8.0Gi        35Mi       8.0Gi
               total        used        free      shared  buff/cache   available
Mem:           125Gi        86Gi       1.3Gi        84Mi        38Gi        38Gi
Swap:          8.0Gi        35Mi       8.0Gi
               total        used        free      shared  buff/cache   available
Mem:           125Gi        86Gi       1.3Gi        84Mi        38Gi        38Gi
Swap:          8.0Gi        35Mi       8.0Gi
               total        used        free      shared  buff/cache   available
Mem:           125Gi        86Gi       1.3Gi        84Mi        38Gi        38Gi
Swap:          8.0Gi        35Mi       8.0Gi
               total        used        free      shared  buff/cache   available
Mem:           125Gi        86Gi       1.3Gi        84Mi        38Gi        38Gi
Swap:          8.0Gi        35Mi       8.0Gi
               total        used        free      shared  buff/cache   available
Mem:           125Gi        86Gi       1.3Gi        84Mi        38Gi        38Gi
Swap:          8.0Gi        35Mi       8.0Gi
               total        used        free      shared  buff/cache   available
Mem:           125Gi        86Gi       1.3Gi        84Mi        38Gi        38Gi
Swap:          8.0Gi        35Mi       8.0Gi
               total        used        free      shared  buff/cache   available
Mem:           125Gi        86Gi       1.3Gi        84Mi        38Gi        38Gi
Swap:          8.0Gi        35Mi       8.0Gi
               total        used        free      shared  buff/cache   available
Mem:           125Gi        86Gi       1.3Gi        84Mi        38Gi        38Gi
Swap:          8.0Gi        35Mi       8.0Gi
               total        used        free      shared  buff/cache   available
Mem:           125Gi        86Gi       1.3Gi        84Mi        38Gi        38Gi
Swap:          8.0Gi        35Mi       8.0Gi
               total        used        free      shared  buff/cache   available
Mem:           125Gi        86Gi       1.6Gi        84Mi        38Gi        38Gi
Swap:          8.0Gi        40Mi       8.0Gi
               total        used        free      shared  buff/cache   available
Mem:           125Gi        86Gi       1.6Gi        84Mi        38Gi        38Gi
Swap:          8.0Gi        40Mi       8.0Gi
               total        used        free      shared  buff/cache   available
Mem:           125Gi        86Gi       1.6Gi        84Mi        38Gi        38Gi
Swap:          8.0Gi        40Mi       8.0Gi
               total        used        free      shared  buff/cache   available
Mem:           125Gi        86Gi       1.6Gi        84Mi        38Gi        38Gi
Swap:          8.0Gi        40Mi       8.0Gi
               total        used        free      shared  buff/cache   available
Mem:           125Gi        86Gi       1.6Gi        84Mi        38Gi        38Gi
Swap:          8.0Gi        40Mi       8.0Gi
               total        used        free      shared  buff/cache   available
Mem:           125Gi        86Gi       1.6Gi        84Mi        38Gi        38Gi
Swap:          8.0Gi        40Mi       8.0Gi
               total        used        free      shared  buff/cache   available
Mem:           125Gi        86Gi       1.6Gi        84Mi        38Gi        38Gi
Swap:          8.0Gi        40Mi       8.0Gi
               total        used        free      shared  buff/cache   available
Mem:           125Gi        86Gi       1.6Gi        84Mi        38Gi        38Gi
Swap:          8.0Gi        40Mi       8.0Gi
               total        used        free      shared  buff/cache   available
Mem:           125Gi        86Gi       1.6Gi        84Mi        38Gi        38Gi
Swap:          8.0Gi        40Mi       8.0Gi
               total        used        free      shared  buff/cache   available
Mem:           125Gi        86Gi       1.6Gi        84Mi        38Gi        38Gi
Swap:          8.0Gi        40Mi       8.0Gi
               total        used        free      shared  buff/cache   available
Mem:           125Gi        86Gi       1.6Gi        84Mi        38Gi        38Gi
Swap:          8.0Gi        40Mi       8.0Gi
               total        used        free      shared  buff/cache   available
Mem:           125Gi        86Gi       1.6Gi        84Mi        38Gi        38Gi
Swap:          8.0Gi        40Mi       8.0Gi
               total        used        free      shared  buff/cache   available
Mem:           125Gi        86Gi       1.6Gi        84Mi        38Gi        38Gi
Swap:          8.0Gi        40Mi       8.0Gi
               total        used        free      shared  buff/cache   available
Mem:           125Gi        33Gi        55Gi        84Mi        38Gi        92Gi
Swap:          8.0Gi        40Mi       8.0Gi
               total        used        free      shared  buff/cache   available
Mem:           125Gi        80Gi       7.9Gi        84Mi        38Gi        44Gi
Swap:          8.0Gi        40Mi       8.0Gi
               total        used        free      shared  buff/cache   available
Mem:           125Gi        80Gi       7.3Gi        84Mi        38Gi        44Gi
Swap:          8.0Gi        40Mi       8.0Gi
               total        used        free      shared  buff/cache   available
Mem:           125Gi        80Gi       7.3Gi        84Mi        38Gi        44Gi
Swap:          8.0Gi        40Mi       8.0Gi
               total        used        free      shared  buff/cache   available
Mem:           125Gi        80Gi       7.3Gi        84Mi        38Gi        44Gi
Swap:          8.0Gi        40Mi       8.0Gi
               total        used        free      shared  buff/cache   available
Mem:           125Gi        80Gi       7.3Gi        84Mi        38Gi        44Gi
Swap:          8.0Gi        40Mi       8.0Gi
               total        used        free      shared  buff/cache   available
Mem:           125Gi        80Gi       7.4Gi        84Mi        38Gi        44Gi
Swap:          8.0Gi        40Mi       8.0Gi
               total        used        free      shared  buff/cache   available
Mem:           125Gi        80Gi       7.4Gi        84Mi        38Gi        44Gi
Swap:          8.0Gi        40Mi       8.0Gi
               total        used        free      shared  buff/cache   available
Mem:           125Gi        80Gi       7.6Gi        84Mi        38Gi        44Gi
Swap:          8.0Gi        40Mi       8.0Gi
               total        used        free      shared  buff/cache   available
Mem:           125Gi        80Gi       7.6Gi        84Mi        38Gi        44Gi
Swap:          8.0Gi        40Mi       8.0Gi
               total        used        free      shared  buff/cache   available
Mem:           125Gi        80Gi       7.6Gi        82Mi        38Gi        44Gi
Swap:          8.0Gi        40Mi       8.0Gi
               total        used        free      shared  buff/cache   available
Mem:           125Gi        80Gi       7.4Gi       101Mi        38Gi        44Gi
Swap:          8.0Gi        40Mi       8.0Gi
               total        used        free      shared  buff/cache   available
Mem:           125Gi        80Gi       7.3Gi       112Mi        38Gi        44Gi
Swap:          8.0Gi        40Mi       8.0Gi
               total        used        free      shared  buff/cache   available
Mem:           125Gi        80Gi       7.3Gi       112Mi        38Gi        44Gi
Swap:          8.0Gi        40Mi       8.0Gi
               total        used        free      shared  buff/cache   available
Mem:           125Gi        80Gi       7.3Gi       112Mi        38Gi        44Gi
Swap:          8.0Gi        40Mi       8.0Gi
               total        used        free      shared  buff/cache   available
Mem:           125Gi        81Gi       6.8Gi       129Mi        38Gi        43Gi
Swap:          8.0Gi        40Mi       8.0Gi
               total        used        free      shared  buff/cache   available
Mem:           125Gi        81Gi       6.9Gi       127Mi        38Gi        43Gi
Swap:          8.0Gi        40Mi       8.0Gi
               total        used        free      shared  buff/cache   available
Mem:           125Gi        81Gi       6.9Gi       127Mi        38Gi        44Gi
Swap:          8.0Gi        40Mi       8.0Gi
               total        used        free      shared  buff/cache   available
Mem:           125Gi        81Gi       6.8Gi       127Mi        38Gi        43Gi
Swap:          8.0Gi        40Mi       8.0Gi
               total        used        free      shared  buff/cache   available
Mem:           125Gi        81Gi       6.8Gi       127Mi        38Gi        43Gi
Swap:          8.0Gi        40Mi       8.0Gi
               total        used        free      shared  buff/cache   available
Mem:           125Gi        81Gi       6.8Gi       129Mi        38Gi        43Gi
Swap:          8.0Gi        40Mi       8.0Gi
               total        used        free      shared  buff/cache   available
Mem:           125Gi        81Gi       6.8Gi       128Mi        38Gi        43Gi
Swap:          8.0Gi        40Mi       8.0Gi
               total        used        free      shared  buff/cache   available
Mem:           125Gi        81Gi       6.8Gi       129Mi        38Gi        43Gi
Swap:          8.0Gi        40Mi       8.0Gi
               total        used        free      shared  buff/cache   available
Mem:           125Gi        81Gi       6.8Gi       129Mi        38Gi        43Gi
Swap:          8.0Gi        40Mi       8.0Gi
               total        used        free      shared  buff/cache   available
Mem:           125Gi        80Gi       7.2Gi       127Mi        38Gi        44Gi
Swap:          8.0Gi        40Mi       8.0Gi
               total        used        free      shared  buff/cache   available
Mem:           125Gi        80Gi       7.3Gi       127Mi        38Gi        44Gi
Swap:          8.0Gi        40Mi       8.0Gi
               total        used        free      shared  buff/cache   available
Mem:           125Gi        80Gi       7.3Gi       127Mi        38Gi        44Gi
Swap:          8.0Gi        40Mi       8.0Gi
               total        used        free      shared  buff/cache   available
Mem:           125Gi        80Gi       7.3Gi       127Mi        38Gi        44Gi
Swap:          8.0Gi        40Mi       8.0Gi
               total        used        free      shared  buff/cache   available
Mem:           125Gi        80Gi       7.3Gi       127Mi        38Gi        44Gi
Swap:          8.0Gi        40Mi       8.0Gi
               total        used        free      shared  buff/cache   available
Mem:           125Gi        80Gi       7.3Gi       127Mi        38Gi        44Gi
Swap:          8.0Gi        40Mi       8.0Gi
               total        used        free      shared  buff/cache   available
Mem:           125Gi        80Gi       7.3Gi       127Mi        38Gi        44Gi
Swap:          8.0Gi        40Mi       8.0Gi
               total        used        free      shared  buff/cache   available
Mem:           125Gi        80Gi       7.3Gi       127Mi        38Gi        44Gi
Swap:          8.0Gi        40Mi       8.0Gi
               total        used        free      shared  buff/cache   available
Mem:           125Gi        80Gi       7.2Gi       127Mi        38Gi        44Gi
Swap:          8.0Gi        40Mi       8.0Gi
               total        used        free      shared  buff/cache   available
Mem:           125Gi        80Gi       7.1Gi       127Mi        38Gi        44Gi
Swap:          8.0Gi        40Mi       8.0Gi
               total        used        free      shared  buff/cache   available
Mem:           125Gi        80Gi       7.1Gi       127Mi        38Gi        44Gi
Swap:          8.0Gi        40Mi       8.0Gi
               total        used        free      shared  buff/cache   available
Mem:           125Gi        80Gi       7.1Gi       127Mi        38Gi        44Gi
Swap:          8.0Gi        40Mi       8.0Gi
               total        used        free      shared  buff/cache   available
Mem:           125Gi        80Gi       7.8Gi       127Mi        38Gi        45Gi
Swap:          8.0Gi        40Mi       8.0Gi
               total        used        free      shared  buff/cache   available
Mem:           125Gi        80Gi       7.8Gi       127Mi        38Gi        45Gi
Swap:          8.0Gi        40Mi       8.0Gi
               total        used        free      shared  buff/cache   available
Mem:           125Gi        80Gi       7.8Gi       127Mi        38Gi        45Gi
Swap:          8.0Gi        40Mi       8.0Gi
               total        used        free      shared  buff/cache   available
Mem:           125Gi        80Gi       7.8Gi       127Mi        38Gi        45Gi
Swap:          8.0Gi        40Mi       8.0Gi
               total        used        free      shared  buff/cache   available
Mem:           125Gi        80Gi       7.8Gi       127Mi        38Gi        45Gi
Swap:          8.0Gi        40Mi       8.0Gi
               total        used        free      shared  buff/cache   available
Mem:           125Gi        80Gi       7.8Gi       127Mi        38Gi        45Gi
Swap:          8.0Gi        40Mi       8.0Gi
               total        used        free      shared  buff/cache   available
Mem:           125Gi        80Gi       7.8Gi       127Mi        38Gi        44Gi
Swap:          8.0Gi        40Mi       8.0Gi
               total        used        free      shared  buff/cache   available
Mem:           125Gi        80Gi       7.7Gi       127Mi        38Gi        44Gi
Swap:          8.0Gi        40Mi       8.0Gi
               total        used        free      shared  buff/cache   available
Mem:           125Gi        80Gi       7.7Gi       127Mi        38Gi        44Gi
Swap:          8.0Gi        40Mi       8.0Gi
               total        used        free      shared  buff/cache   available
Mem:           125Gi        80Gi       7.7Gi       127Mi        38Gi        44Gi
Swap:          8.0Gi        40Mi       8.0Gi
               total        used        free      shared  buff/cache   available
Mem:           125Gi        80Gi       7.7Gi       127Mi        38Gi        44Gi
Swap:          8.0Gi        40Mi       8.0Gi
               total        used        free      shared  buff/cache   available
Mem:           125Gi        80Gi       7.7Gi       127Mi        38Gi        44Gi
Swap:          8.0Gi        40Mi       8.0Gi
               total        used        free      shared  buff/cache   available
Mem:           125Gi        80Gi       7.7Gi       127Mi        38Gi        44Gi
Swap:          8.0Gi        40Mi       8.0Gi
               total        used        free      shared  buff/cache   available
Mem:           125Gi        80Gi       7.7Gi       127Mi        38Gi        44Gi
Swap:          8.0Gi        40Mi       8.0Gi
               total        used        free      shared  buff/cache   available
Mem:           125Gi        80Gi       7.7Gi       127Mi        38Gi        44Gi
Swap:          8.0Gi        40Mi       8.0Gi
               total        used        free      shared  buff/cache   available
Mem:           125Gi        80Gi       7.7Gi       127Mi        38Gi        44Gi
Swap:          8.0Gi        40Mi       8.0Gi
               total        used        free      shared  buff/cache   available
Mem:           125Gi        80Gi       7.7Gi       127Mi        38Gi        44Gi
Swap:          8.0Gi        40Mi       8.0Gi
               total        used        free      shared  buff/cache   available
Mem:           125Gi        80Gi       7.7Gi       127Mi        38Gi        44Gi
Swap:          8.0Gi        40Mi       8.0Gi
               total        used        free      shared  buff/cache   available
Mem:           125Gi        80Gi       7.7Gi       126Mi        38Gi        44Gi
Swap:          8.0Gi        40Mi       8.0Gi
               total        used        free      shared  buff/cache   available
Mem:           125Gi        80Gi       7.6Gi       140Mi        38Gi        44Gi
Swap:          8.0Gi        40Mi       8.0Gi
               total        used        free      shared  buff/cache   available
Mem:           125Gi        80Gi       7.5Gi       140Mi        38Gi        44Gi
Swap:          8.0Gi        40Mi       8.0Gi
               total        used        free      shared  buff/cache   available
Mem:           125Gi        80Gi       7.4Gi       141Mi        38Gi        44Gi
Swap:          8.0Gi        40Mi       8.0Gi
               total        used        free      shared  buff/cache   available
Mem:           125Gi        80Gi       7.4Gi       141Mi        38Gi        44Gi
Swap:          8.0Gi        40Mi       8.0Gi
               total        used        free      shared  buff/cache   available
Mem:           125Gi        80Gi       7.3Gi       141Mi        38Gi        44Gi
Swap:          8.0Gi        40Mi       8.0Gi
               total        used        free      shared  buff/cache   available
Mem:           125Gi        80Gi       7.4Gi       142Mi        38Gi        44Gi
Swap:          8.0Gi        40Mi       8.0Gi
               total        used        free      shared  buff/cache   available
Mem:           125Gi        80Gi       7.2Gi       142Mi        38Gi        44Gi
Swap:          8.0Gi        40Mi       8.0Gi
               total        used        free      shared  buff/cache   available
Mem:           125Gi        80Gi       7.2Gi       142Mi        38Gi        44Gi
Swap:          8.0Gi        40Mi       8.0Gi
               total        used        free      shared  buff/cache   available
Mem:           125Gi        80Gi       7.2Gi       142Mi        38Gi        44Gi
Swap:          8.0Gi        40Mi       8.0Gi
               total        used        free      shared  buff/cache   available
Mem:           125Gi        80Gi       7.2Gi       141Mi        38Gi        44Gi
Swap:          8.0Gi        40Mi       8.0Gi
               total        used        free      shared  buff/cache   available
Mem:           125Gi        80Gi       7.2Gi       141Mi        38Gi        44Gi
Swap:          8.0Gi        40Mi       8.0Gi
               total        used        free      shared  buff/cache   available
Mem:           125Gi        80Gi       7.2Gi       141Mi        38Gi        44Gi
Swap:          8.0Gi        40Mi       8.0Gi
               total        used        free      shared  buff/cache   available
Mem:           125Gi        80Gi       7.2Gi       141Mi        38Gi        44Gi
Swap:          8.0Gi        40Mi       8.0Gi
               total        used        free      shared  buff/cache   available
Mem:           125Gi        80Gi       7.2Gi       141Mi        38Gi        44Gi
Swap:          8.0Gi        40Mi       8.0Gi
               total        used        free      shared  buff/cache   available
Mem:           125Gi        80Gi       7.1Gi       142Mi        38Gi        44Gi
Swap:          8.0Gi        40Mi       8.0Gi
               total        used        free      shared  buff/cache   available
Mem:           125Gi        80Gi       7.0Gi       142Mi        38Gi        44Gi
Swap:          8.0Gi        40Mi       8.0Gi
               total        used        free      shared  buff/cache   available
Mem:           125Gi        80Gi       7.1Gi       142Mi        38Gi        44Gi
Swap:          8.0Gi        40Mi       8.0Gi
               total        used        free      shared  buff/cache   available
Mem:           125Gi        80Gi       7.0Gi       141Mi        38Gi        44Gi
Swap:          8.0Gi        40Mi       8.0Gi
               total        used        free      shared  buff/cache   available
Mem:           125Gi        80Gi       7.3Gi       125Mi        38Gi        44Gi
Swap:          8.0Gi        40Mi       8.0Gi
               total        used        free      shared  buff/cache   available
Mem:           125Gi        80Gi       7.3Gi       125Mi        38Gi        44Gi
Swap:          8.0Gi        40Mi       8.0Gi
               total        used        free      shared  buff/cache   available
Mem:           125Gi        80Gi       7.3Gi       125Mi        38Gi        44Gi
Swap:          8.0Gi        40Mi       8.0Gi
               total        used        free      shared  buff/cache   available
Mem:           125Gi        80Gi       7.3Gi       125Mi        38Gi        44Gi
Swap:          8.0Gi        40Mi       8.0Gi
               total        used        free      shared  buff/cache   available
Mem:           125Gi        80Gi       7.3Gi       125Mi        38Gi        44Gi
Swap:          8.0Gi        40Mi       8.0Gi
               total        used        free      shared  buff/cache   available
Mem:           125Gi        80Gi       7.3Gi       125Mi        38Gi        44Gi
Swap:          8.0Gi        40Mi       8.0Gi
               total        used        free      shared  buff/cache   available
Mem:           125Gi        80Gi       7.3Gi       139Mi        38Gi        44Gi
Swap:          8.0Gi        40Mi       8.0Gi
               total        used        free      shared  buff/cache   available
Mem:           125Gi        80Gi       7.0Gi       140Mi        38Gi        44Gi
Swap:          8.0Gi        40Mi       8.0Gi
               total        used        free      shared  buff/cache   available
Mem:           125Gi        80Gi       7.1Gi       140Mi        38Gi        44Gi
Swap:          8.0Gi        40Mi       8.0Gi
               total        used        free      shared  buff/cache   available
Mem:           125Gi        80Gi       7.0Gi       139Mi        38Gi        44Gi
Swap:          8.0Gi        40Mi       8.0Gi
               total        used        free      shared  buff/cache   available
Mem:           125Gi        80Gi       7.0Gi       139Mi        38Gi        44Gi
Swap:          8.0Gi        40Mi       8.0Gi
               total        used        free      shared  buff/cache   available
Mem:           125Gi        80Gi       7.0Gi       153Mi        38Gi        44Gi
Swap:          8.0Gi        40Mi       8.0Gi
               total        used        free      shared  buff/cache   available
Mem:           125Gi        81Gi       6.3Gi       172Mi        38Gi        43Gi
Swap:          8.0Gi        40Mi       8.0Gi
               total        used        free      shared  buff/cache   available
Mem:           125Gi        81Gi       5.9Gi       183Mi        38Gi        43Gi
Swap:          8.0Gi        40Mi       8.0Gi
               total        used        free      shared  buff/cache   available
Mem:           125Gi        81Gi       6.0Gi       192Mi        38Gi        43Gi
Swap:          8.0Gi        40Mi       8.0Gi
               total        used        free      shared  buff/cache   available
Mem:           125Gi        81Gi       5.9Gi       211Mi        38Gi        43Gi
Swap:          8.0Gi        40Mi       8.0Gi
               total        used        free      shared  buff/cache   available
Mem:           125Gi        81Gi       5.8Gi       211Mi        38Gi        43Gi
Swap:          8.0Gi        40Mi       8.0Gi
               total        used        free      shared  buff/cache   available
Mem:           125Gi        81Gi       5.8Gi       244Mi        38Gi        43Gi
Swap:          8.0Gi        40Mi       8.0Gi
               total        used        free      shared  buff/cache   available
Mem:           125Gi        81Gi       5.7Gi       244Mi        38Gi        43Gi
Swap:          8.0Gi        40Mi       8.0Gi
               total        used        free      shared  buff/cache   available
Mem:           125Gi        81Gi       5.7Gi       244Mi        38Gi        43Gi
Swap:          8.0Gi        40Mi       8.0Gi
               total        used        free      shared  buff/cache   available
Mem:           125Gi        82Gi       5.6Gi       237Mi        38Gi        43Gi
Swap:          8.0Gi        40Mi       8.0Gi
               total        used        free      shared  buff/cache   available
Mem:           125Gi        81Gi       5.7Gi       184Mi        38Gi        43Gi
Swap:          8.0Gi        40Mi       8.0Gi
               total        used        free      shared  buff/cache   available
Mem:           125Gi        81Gi       5.8Gi       184Mi        38Gi        43Gi
Swap:          8.0Gi        40Mi       8.0Gi
               total        used        free      shared  buff/cache   available
Mem:           125Gi        82Gi       5.5Gi       180Mi        38Gi        42Gi
Swap:          8.0Gi        40Mi       8.0Gi
               total        used        free      shared  buff/cache   available
Mem:           125Gi        82Gi       5.5Gi       192Mi        38Gi        42Gi
Swap:          8.0Gi        40Mi       8.0Gi
               total        used        free      shared  buff/cache   available
Mem:           125Gi        82Gi       5.5Gi       187Mi        38Gi        42Gi
Swap:          8.0Gi        40Mi       8.0Gi
               total        used        free      shared  buff/cache   available
Mem:           125Gi        82Gi       5.5Gi       188Mi        38Gi        42Gi
Swap:          8.0Gi        40Mi       8.0Gi
               total        used        free      shared  buff/cache   available
Mem:           125Gi        82Gi       5.4Gi       195Mi        38Gi        42Gi
Swap:          8.0Gi        40Mi       8.0Gi
               total        used        free      shared  buff/cache   available
Mem:           125Gi        82Gi       5.4Gi       195Mi        38Gi        42Gi
Swap:          8.0Gi        40Mi       8.0Gi
               total        used        free      shared  buff/cache   available
Mem:           125Gi        82Gi       5.4Gi       187Mi        38Gi        42Gi
Swap:          8.0Gi        40Mi       8.0Gi
               total        used        free      shared  buff/cache   available
Mem:           125Gi        82Gi       5.4Gi       187Mi        38Gi        42Gi
Swap:          8.0Gi        40Mi       8.0Gi
               total        used        free      shared  buff/cache   available
Mem:           125Gi        82Gi       5.5Gi       187Mi        38Gi        42Gi
Swap:          8.0Gi        40Mi       8.0Gi
               total        used        free      shared  buff/cache   available
Mem:           125Gi        82Gi       5.5Gi       187Mi        38Gi        42Gi
Swap:          8.0Gi        40Mi       8.0Gi
               total        used        free      shared  buff/cache   available
Mem:           125Gi        82Gi       5.5Gi       187Mi        38Gi        42Gi
Swap:          8.0Gi        40Mi       8.0Gi
               total        used        free      shared  buff/cache   available
Mem:           125Gi        82Gi       5.5Gi       187Mi        38Gi        42Gi
Swap:          8.0Gi        40Mi       8.0Gi
               total        used        free      shared  buff/cache   available
Mem:           125Gi        82Gi       5.5Gi       187Mi        38Gi        42Gi
Swap:          8.0Gi        40Mi       8.0Gi
               total        used        free      shared  buff/cache   available
Mem:           125Gi        82Gi       5.5Gi       187Mi        38Gi        42Gi
Swap:          8.0Gi        40Mi       8.0Gi
               total        used        free      shared  buff/cache   available
Mem:           125Gi        82Gi       5.4Gi       187Mi        38Gi        42Gi
Swap:          8.0Gi        40Mi       8.0Gi
               total        used        free      shared  buff/cache   available
Mem:           125Gi        82Gi       5.4Gi       187Mi        38Gi        42Gi
Swap:          8.0Gi        40Mi       8.0Gi
               total        used        free      shared  buff/cache   available
Mem:           125Gi        82Gi       5.4Gi       187Mi        38Gi        42Gi
Swap:          8.0Gi        40Mi       8.0Gi
               total        used        free      shared  buff/cache   available
Mem:           125Gi        82Gi       5.4Gi       187Mi        38Gi        42Gi
Swap:          8.0Gi        40Mi       8.0Gi
               total        used        free      shared  buff/cache   available
Mem:           125Gi        81Gi       5.8Gi       160Mi        38Gi        43Gi
Swap:          8.0Gi        40Mi       8.0Gi
               total        used        free      shared  buff/cache   available
Mem:           125Gi        81Gi       5.8Gi       160Mi        38Gi        43Gi
Swap:          8.0Gi        40Mi       8.0Gi
               total        used        free      shared  buff/cache   available
Mem:           125Gi        81Gi       5.9Gi       160Mi        38Gi        43Gi
Swap:          8.0Gi        40Mi       8.0Gi
               total        used        free      shared  buff/cache   available
Mem:           125Gi        81Gi       5.9Gi       160Mi        38Gi        43Gi
Swap:          8.0Gi        40Mi       8.0Gi
               total        used        free      shared  buff/cache   available
Mem:           125Gi        81Gi       5.9Gi       160Mi        38Gi        43Gi
Swap:          8.0Gi        40Mi       8.0Gi
               total        used        free      shared  buff/cache   available
Mem:           125Gi        81Gi       5.9Gi       160Mi        38Gi        43Gi
Swap:          8.0Gi        40Mi       8.0Gi
               total        used        free      shared  buff/cache   available
Mem:           125Gi        81Gi       5.9Gi       160Mi        38Gi        43Gi
Swap:          8.0Gi        40Mi       8.0Gi
               total        used        free      shared  buff/cache   available
Mem:           125Gi        81Gi       5.9Gi       160Mi        38Gi        43Gi
Swap:          8.0Gi        40Mi       8.0Gi
               total        used        free      shared  buff/cache   available
Mem:           125Gi        81Gi       5.9Gi       160Mi        38Gi        43Gi
Swap:          8.0Gi        40Mi       8.0Gi
               total        used        free      shared  buff/cache   available
Mem:           125Gi        81Gi       5.9Gi       160Mi        38Gi        43Gi
Swap:          8.0Gi        40Mi       8.0Gi
               total        used        free      shared  buff/cache   available
Mem:           125Gi        81Gi       5.9Gi       160Mi        38Gi        43Gi
Swap:          8.0Gi        40Mi       8.0Gi
               total        used        free      shared  buff/cache   available
Mem:           125Gi        81Gi       5.9Gi       160Mi        38Gi        43Gi
Swap:          8.0Gi        40Mi       8.0Gi
               total        used        free      shared  buff/cache   available
Mem:           125Gi        81Gi       5.9Gi       160Mi        38Gi        43Gi
Swap:          8.0Gi        40Mi       8.0Gi
               total        used        free      shared  buff/cache   available
Mem:           125Gi        81Gi       5.9Gi       160Mi        38Gi        43Gi
Swap:          8.0Gi        40Mi       8.0Gi
               total        used        free      shared  buff/cache   available
Mem:           125Gi        81Gi       5.9Gi       160Mi        38Gi        43Gi
Swap:          8.0Gi        40Mi       8.0Gi
               total        used        free      shared  buff/cache   available
Mem:           125Gi        81Gi       5.9Gi       139Mi        38Gi        43Gi
Swap:          8.0Gi        40Mi       8.0Gi
               total        used        free      shared  buff/cache   available
Mem:           125Gi        81Gi       5.9Gi       139Mi        38Gi        43Gi
Swap:          8.0Gi        40Mi       8.0Gi
               total        used        free      shared  buff/cache   available
Mem:           125Gi        81Gi       5.9Gi       139Mi        38Gi        43Gi
Swap:          8.0Gi        40Mi       8.0Gi
               total        used        free      shared  buff/cache   available
Mem:           125Gi        81Gi       5.9Gi       139Mi        38Gi        43Gi
Swap:          8.0Gi        40Mi       8.0Gi
               total        used        free      shared  buff/cache   available
Mem:           125Gi        81Gi       5.9Gi       139Mi        38Gi        43Gi
Swap:          8.0Gi        40Mi       8.0Gi
               total        used        free      shared  buff/cache   available
Mem:           125Gi        81Gi       5.9Gi       139Mi        38Gi        43Gi
Swap:          8.0Gi        40Mi       8.0Gi
               total        used        free      shared  buff/cache   available
Mem:           125Gi        81Gi       5.9Gi       139Mi        38Gi        43Gi
Swap:          8.0Gi        40Mi       8.0Gi
               total        used        free      shared  buff/cache   available
Mem:           125Gi        81Gi       5.9Gi       139Mi        38Gi        43Gi
Swap:          8.0Gi        40Mi       8.0Gi
               total        used        free      shared  buff/cache   available
Mem:           125Gi        81Gi       5.9Gi       139Mi        38Gi        43Gi
Swap:          8.0Gi        40Mi       8.0Gi
               total        used        free      shared  buff/cache   available
Mem:           125Gi        81Gi       5.9Gi       139Mi        38Gi        43Gi
Swap:          8.0Gi        40Mi       8.0Gi
               total        used        free      shared  buff/cache   available
Mem:           125Gi        81Gi       5.9Gi       139Mi        38Gi        43Gi
Swap:          8.0Gi        40Mi       8.0Gi
               total        used        free      shared  buff/cache   available
Mem:           125Gi        81Gi       5.9Gi       139Mi        38Gi        43Gi
Swap:          8.0Gi        40Mi       8.0Gi
               total        used        free      shared  buff/cache   available
Mem:           125Gi        81Gi       6.0Gi       139Mi        38Gi        43Gi
Swap:          8.0Gi        40Mi       8.0Gi
               total        used        free      shared  buff/cache   available
Mem:           125Gi        81Gi       6.0Gi       139Mi        38Gi        43Gi
Swap:          8.0Gi        40Mi       8.0Gi
               total        used        free      shared  buff/cache   available
Mem:           125Gi        81Gi       5.9Gi       139Mi        38Gi        43Gi
Swap:          8.0Gi        40Mi       8.0Gi
               total        used        free      shared  buff/cache   available
Mem:           125Gi        81Gi       5.8Gi       139Mi        38Gi        43Gi
Swap:          8.0Gi        40Mi       8.0Gi
               total        used        free      shared  buff/cache   available
Mem:           125Gi        81Gi       5.9Gi       139Mi        38Gi        43Gi
Swap:          8.0Gi        40Mi       8.0Gi
               total        used        free      shared  buff/cache   available
Mem:           125Gi        81Gi       5.9Gi       139Mi        38Gi        43Gi
Swap:          8.0Gi        40Mi       8.0Gi
               total        used        free      shared  buff/cache   available
Mem:           125Gi        81Gi       5.9Gi       139Mi        38Gi        43Gi
Swap:          8.0Gi        40Mi       8.0Gi
               total        used        free      shared  buff/cache   available
Mem:           125Gi        81Gi       5.9Gi       139Mi        38Gi        43Gi
Swap:          8.0Gi        40Mi       8.0Gi
               total        used        free      shared  buff/cache   available
Mem:           125Gi        81Gi       5.8Gi       139Mi        38Gi        43Gi
Swap:          8.0Gi        40Mi       8.0Gi
               total        used        free      shared  buff/cache   available
Mem:           125Gi        81Gi       5.8Gi       139Mi        38Gi        43Gi
Swap:          8.0Gi        40Mi       8.0Gi
               total        used        free      shared  buff/cache   available
Mem:           125Gi        81Gi       5.7Gi       139Mi        38Gi        43Gi
Swap:          8.0Gi        40Mi       8.0Gi
               total        used        free      shared  buff/cache   available
Mem:           125Gi        81Gi       5.8Gi       139Mi        38Gi        43Gi
Swap:          8.0Gi        40Mi       8.0Gi
               total        used        free      shared  buff/cache   available
Mem:           125Gi        81Gi       5.8Gi       139Mi        38Gi        43Gi
Swap:          8.0Gi        40Mi       8.0Gi
               total        used        free      shared  buff/cache   available
Mem:           125Gi        81Gi       5.8Gi       139Mi        38Gi        43Gi
Swap:          8.0Gi        40Mi       8.0Gi
               total        used        free      shared  buff/cache   available
Mem:           125Gi        81Gi       5.8Gi       139Mi        38Gi        43Gi
Swap:          8.0Gi        40Mi       8.0Gi
               total        used        free      shared  buff/cache   available
Mem:           125Gi        81Gi       5.8Gi       139Mi        38Gi        43Gi
Swap:          8.0Gi        40Mi       8.0Gi
               total        used        free      shared  buff/cache   available
Mem:           125Gi        81Gi       5.8Gi       139Mi        38Gi        43Gi
Swap:          8.0Gi        40Mi       8.0Gi
               total        used        free      shared  buff/cache   available
Mem:           125Gi        81Gi       5.8Gi       139Mi        38Gi        43Gi
Swap:          8.0Gi        40Mi       8.0Gi
               total        used        free      shared  buff/cache   available
Mem:           125Gi        81Gi       5.8Gi       139Mi        38Gi        43Gi
Swap:          8.0Gi        40Mi       8.0Gi
               total        used        free      shared  buff/cache   available
Mem:           125Gi        81Gi       5.8Gi       139Mi        38Gi        43Gi
Swap:          8.0Gi        40Mi       8.0Gi
               total        used        free      shared  buff/cache   available
Mem:           125Gi        82Gi       5.7Gi       139Mi        38Gi        43Gi
Swap:          8.0Gi        40Mi       8.0Gi
               total        used        free      shared  buff/cache   available
Mem:           125Gi        82Gi       5.6Gi       139Mi        38Gi        43Gi
Swap:          8.0Gi        40Mi       8.0Gi
               total        used        free      shared  buff/cache   available
Mem:           125Gi        81Gi       5.7Gi       139Mi        38Gi        43Gi
Swap:          8.0Gi        40Mi       8.0Gi
               total        used        free      shared  buff/cache   available
Mem:           125Gi        81Gi       5.7Gi       139Mi        38Gi        43Gi
Swap:          8.0Gi        40Mi       8.0Gi
               total        used        free      shared  buff/cache   available
Mem:           125Gi        81Gi       5.7Gi       139Mi        38Gi        43Gi
Swap:          8.0Gi        40Mi       8.0Gi
               total        used        free      shared  buff/cache   available
Mem:           125Gi        81Gi       5.7Gi       139Mi        38Gi        43Gi
Swap:          8.0Gi        40Mi       8.0Gi
               total        used        free      shared  buff/cache   available
Mem:           125Gi        81Gi       5.7Gi       139Mi        38Gi        43Gi
Swap:          8.0Gi        40Mi       8.0Gi
               total        used        free      shared  buff/cache   available
Mem:           125Gi        81Gi       5.7Gi       139Mi        38Gi        43Gi
Swap:          8.0Gi        40Mi       8.0Gi
               total        used        free      shared  buff/cache   available
Mem:           125Gi        81Gi       5.7Gi       139Mi        38Gi        43Gi
Swap:          8.0Gi        40Mi       8.0Gi
               total        used        free      shared  buff/cache   available
Mem:           125Gi        81Gi       5.7Gi       139Mi        38Gi        43Gi
Swap:          8.0Gi        40Mi       8.0Gi
               total        used        free      shared  buff/cache   available
Mem:           125Gi        81Gi       5.8Gi       139Mi        38Gi        43Gi
Swap:          8.0Gi        40Mi       8.0Gi
               total        used        free      shared  buff/cache   available
Mem:           125Gi        81Gi       5.7Gi       139Mi        38Gi        43Gi
Swap:          8.0Gi        40Mi       8.0Gi
               total        used        free      shared  buff/cache   available
Mem:           125Gi        81Gi       5.8Gi       139Mi        38Gi        43Gi
Swap:          8.0Gi        40Mi       8.0Gi
               total        used        free      shared  buff/cache   available
Mem:           125Gi        81Gi       5.8Gi       139Mi        38Gi        43Gi
Swap:          8.0Gi        40Mi       8.0Gi
               total        used        free      shared  buff/cache   available
Mem:           125Gi        81Gi       5.9Gi       139Mi        38Gi        43Gi
Swap:          8.0Gi        40Mi       8.0Gi
               total        used        free      shared  buff/cache   available
Mem:           125Gi        81Gi       5.8Gi       139Mi        38Gi        43Gi
Swap:          8.0Gi        40Mi       8.0Gi
               total        used        free      shared  buff/cache   available
Mem:           125Gi        81Gi       5.8Gi       139Mi        38Gi        43Gi
Swap:          8.0Gi        40Mi       8.0Gi
               total        used        free      shared  buff/cache   available
Mem:           125Gi        81Gi       5.8Gi       139Mi        38Gi        43Gi
Swap:          8.0Gi        40Mi       8.0Gi
               total        used        free      shared  buff/cache   available
Mem:           125Gi        81Gi       5.8Gi       139Mi        38Gi        43Gi
Swap:          8.0Gi        40Mi       8.0Gi
               total        used        free      shared  buff/cache   available
Mem:           125Gi        81Gi       5.8Gi       139Mi        38Gi        43Gi
Swap:          8.0Gi        40Mi       8.0Gi
               total        used        free      shared  buff/cache   available
Mem:           125Gi        81Gi       5.8Gi       139Mi        38Gi        43Gi
Swap:          8.0Gi        40Mi       8.0Gi
               total        used        free      shared  buff/cache   available
Mem:           125Gi        81Gi       5.9Gi       139Mi        38Gi        43Gi
Swap:          8.0Gi        40Mi       8.0Gi
               total        used        free      shared  buff/cache   available
Mem:           125Gi        81Gi       5.8Gi       139Mi        38Gi        43Gi
Swap:          8.0Gi        40Mi       8.0Gi
               total        used        free      shared  buff/cache   available
Mem:           125Gi        81Gi       5.8Gi       139Mi        38Gi        43Gi
Swap:          8.0Gi        40Mi       8.0Gi
               total        used        free      shared  buff/cache   available
Mem:           125Gi        81Gi       5.8Gi       139Mi        38Gi        43Gi
Swap:          8.0Gi        40Mi       8.0Gi
               total        used        free      shared  buff/cache   available
Mem:           125Gi        81Gi       5.8Gi       139Mi        38Gi        43Gi
Swap:          8.0Gi        40Mi       8.0Gi
               total        used        free      shared  buff/cache   available
Mem:           125Gi        81Gi       5.8Gi       139Mi        38Gi        43Gi
Swap:          8.0Gi        40Mi       8.0Gi
               total        used        free      shared  buff/cache   available
Mem:           125Gi        81Gi       5.7Gi       153Mi        38Gi        43Gi
Swap:          8.0Gi        40Mi       8.0Gi
               total        used        free      shared  buff/cache   available
Mem:           125Gi        82Gi       5.4Gi       164Mi        38Gi        42Gi
Swap:          8.0Gi        40Mi       8.0Gi
               total        used        free      shared  buff/cache   available
Mem:           125Gi        82Gi       5.5Gi       154Mi        38Gi        42Gi
Swap:          8.0Gi        40Mi       8.0Gi
               total        used        free      shared  buff/cache   available
Mem:           125Gi        82Gi       5.6Gi       154Mi        38Gi        43Gi
Swap:          8.0Gi        40Mi       8.0Gi
               total        used        free      shared  buff/cache   available
Mem:           125Gi        81Gi       5.7Gi       140Mi        38Gi        43Gi
Swap:          8.0Gi        40Mi       8.0Gi
               total        used        free      shared  buff/cache   available
Mem:           125Gi        81Gi       5.7Gi       140Mi        38Gi        43Gi
Swap:          8.0Gi        40Mi       8.0Gi
               total        used        free      shared  buff/cache   available
Mem:           125Gi        81Gi       5.7Gi       140Mi        38Gi        43Gi
Swap:          8.0Gi        40Mi       8.0Gi
               total        used        free      shared  buff/cache   available
Mem:           125Gi        81Gi       5.8Gi       140Mi        38Gi        43Gi
Swap:          8.0Gi        40Mi       8.0Gi
               total        used        free      shared  buff/cache   available
Mem:           125Gi        81Gi       5.8Gi       139Mi        38Gi        43Gi
Swap:          8.0Gi        40Mi       8.0Gi
               total        used        free      shared  buff/cache   available
Mem:           125Gi        81Gi       5.8Gi       139Mi        38Gi        43Gi
Swap:          8.0Gi        40Mi       8.0Gi
               total        used        free      shared  buff/cache   available
Mem:           125Gi        81Gi       5.7Gi       139Mi        38Gi        43Gi
Swap:          8.0Gi        40Mi       8.0Gi
               total        used        free      shared  buff/cache   available
Mem:           125Gi        81Gi       5.7Gi       139Mi        38Gi        43Gi
Swap:          8.0Gi        40Mi       8.0Gi
               total        used        free      shared  buff/cache   available
Mem:           125Gi        81Gi       5.8Gi       139Mi        38Gi        43Gi
Swap:          8.0Gi        40Mi       8.0Gi
               total        used        free      shared  buff/cache   available
Mem:           125Gi        81Gi       5.8Gi       139Mi        38Gi        43Gi
Swap:          8.0Gi        40Mi       8.0Gi
               total        used        free      shared  buff/cache   available
Mem:           125Gi        81Gi       5.8Gi       139Mi        38Gi        43Gi
Swap:          8.0Gi        40Mi       8.0Gi
               total        used        free      shared  buff/cache   available
Mem:           125Gi        81Gi       5.8Gi       139Mi        38Gi        43Gi
Swap:          8.0Gi        40Mi       8.0Gi
               total        used        free      shared  buff/cache   available
Mem:           125Gi        81Gi       5.8Gi       139Mi        38Gi        43Gi
Swap:          8.0Gi        40Mi       8.0Gi
               total        used        free      shared  buff/cache   available
Mem:           125Gi        81Gi       5.8Gi       139Mi        38Gi        43Gi
Swap:          8.0Gi        40Mi       8.0Gi
               total        used        free      shared  buff/cache   available
Mem:           125Gi        81Gi       5.8Gi       139Mi        38Gi        43Gi
Swap:          8.0Gi        40Mi       8.0Gi
               total        used        free      shared  buff/cache   available
Mem:           125Gi        81Gi       5.8Gi       139Mi        38Gi        43Gi
Swap:          8.0Gi        40Mi       8.0Gi
               total        used        free      shared  buff/cache   available
Mem:           125Gi        81Gi       5.7Gi       146Mi        38Gi        43Gi
Swap:          8.0Gi        40Mi       8.0Gi
               total        used        free      shared  buff/cache   available
Mem:           125Gi        81Gi       5.7Gi       146Mi        38Gi        43Gi
Swap:          8.0Gi        40Mi       8.0Gi
               total        used        free      shared  buff/cache   available
Mem:           125Gi        81Gi       5.7Gi       146Mi        38Gi        43Gi
Swap:          8.0Gi        40Mi       8.0Gi
               total        used        free      shared  buff/cache   available
Mem:           125Gi        81Gi       5.7Gi       146Mi        38Gi        43Gi
Swap:          8.0Gi        40Mi       8.0Gi
               total        used        free      shared  buff/cache   available
Mem:           125Gi        81Gi       5.7Gi       146Mi        38Gi        43Gi
Swap:          8.0Gi        40Mi       8.0Gi
               total        used        free      shared  buff/cache   available
Mem:           125Gi        81Gi       5.7Gi       146Mi        38Gi        43Gi
Swap:          8.0Gi        40Mi       8.0Gi
               total        used        free      shared  buff/cache   available
Mem:           125Gi        81Gi       5.7Gi       146Mi        38Gi        43Gi
Swap:          8.0Gi        40Mi       8.0Gi
               total        used        free      shared  buff/cache   available
Mem:           125Gi        81Gi       5.7Gi       146Mi        38Gi        43Gi
Swap:          8.0Gi        40Mi       8.0Gi
               total        used        free      shared  buff/cache   available
Mem:           125Gi        81Gi       5.7Gi       146Mi        38Gi        43Gi
Swap:          8.0Gi        40Mi       8.0Gi
               total        used        free      shared  buff/cache   available
Mem:           125Gi        82Gi       5.6Gi       159Mi        38Gi        43Gi
Swap:          8.0Gi        40Mi       8.0Gi
               total        used        free      shared  buff/cache   available
Mem:           125Gi        82Gi       5.4Gi       160Mi        38Gi        42Gi
Swap:          8.0Gi        40Mi       8.0Gi
               total        used        free      shared  buff/cache   available
Mem:           125Gi        82Gi       5.5Gi       160Mi        38Gi        42Gi
Swap:          8.0Gi        40Mi       8.0Gi
               total        used        free      shared  buff/cache   available
Mem:           125Gi        82Gi       5.5Gi       160Mi        38Gi        43Gi
Swap:          8.0Gi        40Mi       8.0Gi
               total        used        free      shared  buff/cache   available
Mem:           125Gi        82Gi       5.5Gi       160Mi        38Gi        43Gi
Swap:          8.0Gi        40Mi       8.0Gi
               total        used        free      shared  buff/cache   available
Mem:           125Gi        82Gi       5.5Gi       160Mi        38Gi        42Gi
Swap:          8.0Gi        40Mi       8.0Gi
               total        used        free      shared  buff/cache   available
Mem:           125Gi        82Gi       5.5Gi       160Mi        38Gi        43Gi
Swap:          8.0Gi        40Mi       8.0Gi
               total        used        free      shared  buff/cache   available
Mem:           125Gi        82Gi       5.5Gi       160Mi        38Gi        42Gi
Swap:          8.0Gi        40Mi       8.0Gi
               total        used        free      shared  buff/cache   available
Mem:           125Gi        82Gi       5.5Gi       160Mi        38Gi        42Gi
Swap:          8.0Gi        40Mi       8.0Gi
               total        used        free      shared  buff/cache   available
Mem:           125Gi        82Gi       5.5Gi       160Mi        38Gi        42Gi
Swap:          8.0Gi        40Mi       8.0Gi
               total        used        free      shared  buff/cache   available
Mem:           125Gi        82Gi       5.5Gi       160Mi        38Gi        42Gi
Swap:          8.0Gi        40Mi       8.0Gi
               total        used        free      shared  buff/cache   available
Mem:           125Gi        82Gi       5.5Gi       160Mi        38Gi        42Gi
Swap:          8.0Gi        40Mi       8.0Gi
               total        used        free      shared  buff/cache   available
Mem:           125Gi        82Gi       5.5Gi       160Mi        38Gi        42Gi
Swap:          8.0Gi        40Mi       8.0Gi
               total        used        free      shared  buff/cache   available
Mem:           125Gi        82Gi       5.5Gi       160Mi        38Gi        42Gi
Swap:          8.0Gi        40Mi       8.0Gi
               total        used        free      shared  buff/cache   available
Mem:           125Gi        82Gi       5.3Gi       160Mi        38Gi        42Gi
Swap:          8.0Gi        40Mi       8.0Gi
               total        used        free      shared  buff/cache   available
Mem:           125Gi        82Gi       5.3Gi       160Mi        38Gi        42Gi
Swap:          8.0Gi        40Mi       8.0Gi
               total        used        free      shared  buff/cache   available
Mem:           125Gi        82Gi       5.3Gi       160Mi        38Gi        42Gi
Swap:          8.0Gi        40Mi       8.0Gi
               total        used        free      shared  buff/cache   available
Mem:           125Gi        82Gi       5.3Gi       160Mi        38Gi        42Gi
Swap:          8.0Gi        40Mi       8.0Gi
               total        used        free      shared  buff/cache   available
Mem:           125Gi        82Gi       5.3Gi       161Mi        38Gi        42Gi
Swap:          8.0Gi        40Mi       8.0Gi
               total        used        free      shared  buff/cache   available
Mem:           125Gi        82Gi       5.3Gi       161Mi        38Gi        42Gi
Swap:          8.0Gi        40Mi       8.0Gi
               total        used        free      shared  buff/cache   available
Mem:           125Gi        82Gi       5.3Gi       161Mi        38Gi        42Gi
Swap:          8.0Gi        40Mi       8.0Gi
               total        used        free      shared  buff/cache   available
Mem:           125Gi        82Gi       5.3Gi       161Mi        38Gi        42Gi
Swap:          8.0Gi        40Mi       8.0Gi
               total        used        free      shared  buff/cache   available
Mem:           125Gi        82Gi       5.3Gi       161Mi        38Gi        42Gi
Swap:          8.0Gi        40Mi       8.0Gi
               total        used        free      shared  buff/cache   available
Mem:           125Gi        82Gi       5.3Gi       161Mi        38Gi        42Gi
Swap:          8.0Gi        40Mi       8.0Gi
               total        used        free      shared  buff/cache   available
Mem:           125Gi        82Gi       5.3Gi       161Mi        38Gi        42Gi
Swap:          8.0Gi        40Mi       8.0Gi
               total        used        free      shared  buff/cache   available
Mem:           125Gi        82Gi       5.3Gi       161Mi        38Gi        42Gi
Swap:          8.0Gi        40Mi       8.0Gi
               total        used        free      shared  buff/cache   available
Mem:           125Gi        82Gi       5.3Gi       161Mi        38Gi        42Gi
Swap:          8.0Gi        40Mi       8.0Gi
               total        used        free      shared  buff/cache   available
Mem:           125Gi        82Gi       5.1Gi       161Mi        38Gi        42Gi
Swap:          8.0Gi        40Mi       8.0Gi
               total        used        free      shared  buff/cache   available
Mem:           125Gi        82Gi       4.6Gi       161Mi        38Gi        42Gi
Swap:          8.0Gi        40Mi       8.0Gi
               total        used        free      shared  buff/cache   available
Mem:           125Gi        83Gi       4.3Gi       161Mi        38Gi        41Gi
Swap:          8.0Gi        40Mi       8.0Gi
               total        used        free      shared  buff/cache   available
Mem:           125Gi        83Gi       4.0Gi       161Mi        38Gi        41Gi
Swap:          8.0Gi        40Mi       8.0Gi
               total        used        free      shared  buff/cache   available
Mem:           125Gi        83Gi       3.7Gi       161Mi        38Gi        41Gi
Swap:          8.0Gi        40Mi       8.0Gi
               total        used        free      shared  buff/cache   available
Mem:           125Gi        83Gi       3.6Gi       175Mi        38Gi        41Gi
Swap:          8.0Gi        40Mi       8.0Gi
               total        used        free      shared  buff/cache   available
Mem:           125Gi        84Gi       3.3Gi       175Mi        38Gi        40Gi
Swap:          8.0Gi        40Mi       8.0Gi
               total        used        free      shared  buff/cache   available
Mem:           125Gi        84Gi       3.1Gi       175Mi        38Gi        40Gi
Swap:          8.0Gi        40Mi       8.0Gi
               total        used        free      shared  buff/cache   available
Mem:           125Gi        84Gi       2.6Gi       175Mi        38Gi        40Gi
Swap:          8.0Gi        40Mi       8.0Gi
               total        used        free      shared  buff/cache   available
Mem:           125Gi        85Gi       2.3Gi       175Mi        38Gi        39Gi
Swap:          8.0Gi        40Mi       8.0Gi
               total        used        free      shared  buff/cache   available
Mem:           125Gi        85Gi       2.0Gi       175Mi        38Gi        39Gi
Swap:          8.0Gi        40Mi       8.0Gi
               total        used        free      shared  buff/cache   available
Mem:           125Gi        86Gi       1.8Gi       175Mi        38Gi        38Gi
Swap:          8.0Gi        40Mi       8.0Gi
               total        used        free      shared  buff/cache   available
Mem:           125Gi        86Gi       1.4Gi       175Mi        38Gi        38Gi
Swap:          8.0Gi        40Mi       8.0Gi
               total        used        free      shared  buff/cache   available
Mem:           125Gi        86Gi       1.9Gi       175Mi        37Gi        38Gi
Swap:          8.0Gi        40Mi       8.0Gi
               total        used        free      shared  buff/cache   available
Mem:           125Gi        86Gi       1.6Gi       174Mi        37Gi        38Gi
Swap:          8.0Gi        40Mi       8.0Gi
               total        used        free      shared  buff/cache   available
Mem:           125Gi        86Gi       1.3Gi       174Mi        37Gi        38Gi
Swap:          8.0Gi        40Mi       8.0Gi
               total        used        free      shared  buff/cache   available
Mem:           125Gi        87Gi       1.9Gi       174Mi        36Gi        37Gi
Swap:          8.0Gi        44Mi       8.0Gi
               total        used        free      shared  buff/cache   available
Mem:           125Gi        87Gi       1.6Gi       174Mi        36Gi        37Gi
Swap:          8.0Gi        44Mi       8.0Gi
               total        used        free      shared  buff/cache   available
Mem:           125Gi        87Gi       1.2Gi       174Mi        36Gi        37Gi
Swap:          8.0Gi        44Mi       8.0Gi
               total        used        free      shared  buff/cache   available
Mem:           125Gi        88Gi       1.5Gi       188Mi        36Gi        36Gi
Swap:          8.0Gi        44Mi       8.0Gi
               total        used        free      shared  buff/cache   available
Mem:           125Gi        88Gi       1.1Gi       188Mi        36Gi        36Gi
Swap:          8.0Gi        44Mi       8.0Gi
               total        used        free      shared  buff/cache   available
Mem:           125Gi        88Gi       1.5Gi       188Mi        35Gi        36Gi
Swap:          8.0Gi        44Mi       8.0Gi
               total        used        free      shared  buff/cache   available
Mem:           125Gi        89Gi       1.2Gi       190Mi        35Gi        35Gi
Swap:          8.0Gi        44Mi       8.0Gi
               total        used        free      shared  buff/cache   available
Mem:           125Gi        89Gi       1.5Gi       190Mi        35Gi        35Gi
Swap:          8.0Gi        44Mi       8.0Gi
               total        used        free      shared  buff/cache   available
Mem:           125Gi        89Gi       1.2Gi       190Mi        35Gi        35Gi
Swap:          8.0Gi        44Mi       8.0Gi
               total        used        free      shared  buff/cache   available
Mem:           125Gi        90Gi       1.5Gi       190Mi        34Gi        34Gi
Swap:          8.0Gi        44Mi       8.0Gi
               total        used        free      shared  buff/cache   available
Mem:           125Gi        90Gi       1.1Gi       190Mi        34Gi        34Gi
Swap:          8.0Gi        44Mi       8.0Gi
               total        used        free      shared  buff/cache   available
Mem:           125Gi        90Gi       1.6Gi       190Mi        33Gi        34Gi
Swap:          8.0Gi        52Mi       7.9Gi
               total        used        free      shared  buff/cache   available
Mem:           125Gi        91Gi       910Mi       190Mi        33Gi        33Gi
Swap:          8.0Gi        52Mi       7.9Gi
               total        used        free      shared  buff/cache   available
Mem:           125Gi        91Gi       1.2Gi       190Mi        33Gi        33Gi
Swap:          8.0Gi        52Mi       7.9Gi
               total        used        free      shared  buff/cache   available
Mem:           125Gi        91Gi       1.4Gi       194Mi        32Gi        33Gi
Swap:          8.0Gi        52Mi       7.9Gi
               total        used        free      shared  buff/cache   available
Mem:           125Gi        91Gi       1.1Gi       194Mi        32Gi        33Gi
Swap:          8.0Gi        52Mi       7.9Gi
               total        used        free      shared  buff/cache   available
Mem:           125Gi        92Gi       1.3Gi       194Mi        32Gi        32Gi
Swap:          8.0Gi        54Mi       7.9Gi
               total        used        free      shared  buff/cache   available
Mem:           125Gi        92Gi       1.0Gi       194Mi        32Gi        32Gi
Swap:          8.0Gi        54Mi       7.9Gi
               total        used        free      shared  buff/cache   available
Mem:           125Gi        92Gi       1.2Gi       201Mi        31Gi        32Gi
Swap:          8.0Gi        54Mi       7.9Gi
               total        used        free      shared  buff/cache   available
Mem:           125Gi        93Gi       978Mi       201Mi        31Gi        31Gi
Swap:          8.0Gi        54Mi       7.9Gi
               total        used        free      shared  buff/cache   available
Mem:           125Gi        93Gi       1.2Gi       201Mi        31Gi        31Gi
Swap:          8.0Gi        55Mi       7.9Gi
               total        used        free      shared  buff/cache   available
Mem:           125Gi        93Gi       977Mi       201Mi        31Gi        31Gi
Swap:          8.0Gi        55Mi       7.9Gi
               total        used        free      shared  buff/cache   available
Mem:           125Gi        94Gi       1.2Gi       201Mi        30Gi        30Gi
Swap:          8.0Gi        56Mi       7.9Gi
               total        used        free      shared  buff/cache   available
Mem:           125Gi        94Gi       1.3Gi       201Mi        30Gi        30Gi
Swap:          8.0Gi        67Mi       7.9Gi
               total        used        free      shared  buff/cache   available
Mem:           125Gi        94Gi       995Mi       207Mi        30Gi        30Gi
Swap:          8.0Gi        67Mi       7.9Gi
               total        used        free      shared  buff/cache   available
Mem:           125Gi        95Gi       1.0Gi       221Mi        29Gi        29Gi
Swap:          8.0Gi        82Mi       7.9Gi
               total        used        free      shared  buff/cache   available
Mem:           125Gi        95Gi       948Mi       238Mi        29Gi        29Gi
Swap:          8.0Gi        82Mi       7.9Gi
               total        used        free      shared  buff/cache   available
Mem:           125Gi        96Gi       882Mi       237Mi        29Gi        29Gi
Swap:          8.0Gi        82Mi       7.9Gi
               total        used        free      shared  buff/cache   available
Mem:           125Gi        96Gi       1.4Gi       238Mi        28Gi        28Gi
Swap:          8.0Gi        93Mi       7.9Gi
               total        used        free      shared  buff/cache   available
Mem:           125Gi        96Gi       1.2Gi       238Mi        28Gi        28Gi
Swap:          8.0Gi        93Mi       7.9Gi
               total        used        free      shared  buff/cache   available
Mem:           125Gi        96Gi       1.3Gi       237Mi        27Gi        28Gi
Swap:          8.0Gi       106Mi       7.9Gi
               total        used        free      shared  buff/cache   available
Mem:           125Gi        97Gi       1.0Gi       237Mi        27Gi        27Gi
Swap:          8.0Gi       106Mi       7.9Gi
               total        used        free      shared  buff/cache   available
Mem:           125Gi        97Gi       1.1Gi       237Mi        27Gi        27Gi
Swap:          8.0Gi       119Mi       7.9Gi
               total        used        free      shared  buff/cache   available
Mem:           125Gi        97Gi       1.3Gi       232Mi        27Gi        27Gi
Swap:          8.0Gi       129Mi       7.9Gi
               total        used        free      shared  buff/cache   available
Mem:           125Gi        98Gi       991Mi       232Mi        27Gi        27Gi
Swap:          8.0Gi       129Mi       7.9Gi
               total        used        free      shared  buff/cache   available
Mem:           125Gi        98Gi       1.1Gi       232Mi        26Gi        26Gi
Swap:          8.0Gi       134Mi       7.9Gi
               total        used        free      shared  buff/cache   available
Mem:           125Gi        98Gi       1.2Gi       232Mi        26Gi        26Gi
Swap:          8.0Gi       160Mi       7.8Gi
               total        used        free      shared  buff/cache   available
Mem:           125Gi        98Gi       929Mi       232Mi        26Gi        26Gi
Swap:          8.0Gi       160Mi       7.8Gi
               total        used        free      shared  buff/cache   available
Mem:           125Gi        99Gi       1.1Gi       232Mi        25Gi        25Gi
Swap:          8.0Gi       187Mi       7.8Gi
               total        used        free      shared  buff/cache   available
Mem:           125Gi        99Gi       1.3Gi       232Mi        25Gi        25Gi
Swap:          8.0Gi       205Mi       7.8Gi
               total        used        free      shared  buff/cache   available
Mem:           125Gi        99Gi       993Mi       232Mi        25Gi        25Gi
Swap:          8.0Gi       205Mi       7.8Gi
               total        used        free      shared  buff/cache   available
Mem:           125Gi       100Gi       1.3Gi       232Mi        24Gi        25Gi
Swap:          8.0Gi       224Mi       7.8Gi
               total        used        free      shared  buff/cache   available
Mem:           125Gi       100Gi       963Mi       232Mi        24Gi        24Gi
Swap:          8.0Gi       224Mi       7.8Gi
               total        used        free      shared  buff/cache   available
Mem:           125Gi       100Gi       1.2Gi       231Mi        24Gi        24Gi
Swap:          8.0Gi       235Mi       7.8Gi
               total        used        free      shared  buff/cache   available
Mem:           125Gi       101Gi       866Mi       231Mi        24Gi        24Gi
Swap:          8.0Gi       235Mi       7.8Gi
               total        used        free      shared  buff/cache   available
Mem:           125Gi       101Gi       979Mi       218Mi        23Gi        23Gi
Swap:          8.0Gi       256Mi       7.7Gi
               total        used        free      shared  buff/cache   available
Mem:           125Gi       101Gi       823Mi       218Mi        23Gi        23Gi
Swap:          8.0Gi       256Mi       7.7Gi
               total        used        free      shared  buff/cache   available
Mem:           125Gi       101Gi       1.2Gi       217Mi        23Gi        23Gi
Swap:          8.0Gi       292Mi       7.7Gi
               total        used        free      shared  buff/cache   available
Mem:           125Gi       101Gi       1.4Gi       217Mi        22Gi        23Gi
Swap:          8.0Gi       309Mi       7.7Gi
               total        used        free      shared  buff/cache   available
Mem:           125Gi       102Gi       1.1Gi       217Mi        22Gi        23Gi
Swap:          8.0Gi       309Mi       7.7Gi
               total        used        free      shared  buff/cache   available
Mem:           125Gi       102Gi       1.3Gi       217Mi        22Gi        22Gi
Swap:          8.0Gi       327Mi       7.7Gi
               total        used        free      shared  buff/cache   available
Mem:           125Gi       102Gi       1.0Gi       217Mi        22Gi        22Gi
Swap:          8.0Gi       327Mi       7.7Gi
               total        used        free      shared  buff/cache   available
Mem:           125Gi       102Gi       1.4Gi       216Mi        21Gi        22Gi
Swap:          8.0Gi       344Mi       7.7Gi
               total        used        free      shared  buff/cache   available
Mem:           125Gi       103Gi       1.0Gi       217Mi        21Gi        21Gi
Swap:          8.0Gi       344Mi       7.7Gi
               total        used        free      shared  buff/cache   available
Mem:           125Gi       103Gi       1.2Gi       216Mi        21Gi        21Gi
Swap:          8.0Gi       364Mi       7.6Gi
               total        used        free      shared  buff/cache   available
Mem:           125Gi       103Gi       1.4Gi       220Mi        20Gi        21Gi
Swap:          8.0Gi       395Mi       7.6Gi
               total        used        free      shared  buff/cache   available
Mem:           125Gi       103Gi       1.2Gi       220Mi        20Gi        21Gi
Swap:          8.0Gi       395Mi       7.6Gi
               total        used        free      shared  buff/cache   available
Mem:           125Gi       104Gi       1.5Gi       220Mi        20Gi        20Gi
Swap:          8.0Gi       425Mi       7.6Gi
               total        used        free      shared  buff/cache   available
Mem:           125Gi       104Gi       1.2Gi       220Mi        20Gi        20Gi
Swap:          8.0Gi       425Mi       7.6Gi
               total        used        free      shared  buff/cache   available
Mem:           125Gi       104Gi       1.6Gi       220Mi        19Gi        20Gi
Swap:          8.0Gi       431Mi       7.6Gi
               total        used        free      shared  buff/cache   available
Mem:           125Gi       105Gi       1.3Gi       220Mi        19Gi        19Gi
Swap:          8.0Gi       431Mi       7.6Gi
               total        used        free      shared  buff/cache   available
Mem:           125Gi       105Gi       968Mi       220Mi        19Gi        19Gi
Swap:          8.0Gi       431Mi       7.6Gi
               total        used        free      shared  buff/cache   available
Mem:           125Gi       105Gi       1.1Gi       220Mi        19Gi        19Gi
Swap:          8.0Gi       431Mi       7.6Gi
               total        used        free      shared  buff/cache   available
Mem:           125Gi       105Gi       831Mi       220Mi        19Gi        19Gi
Swap:          8.0Gi       431Mi       7.6Gi
               total        used        free      shared  buff/cache   available
Mem:           125Gi       106Gi       910Mi       220Mi        18Gi        18Gi
Swap:          8.0Gi       431Mi       7.6Gi
               total        used        free      shared  buff/cache   available
Mem:           125Gi       106Gi       978Mi       220Mi        18Gi        18Gi
Swap:          8.0Gi       431Mi       7.6Gi
               total        used        free      shared  buff/cache   available
Mem:           125Gi       107Gi       1.1Gi       220Mi        18Gi        18Gi
Swap:          8.0Gi       434Mi       7.6Gi
               total        used        free      shared  buff/cache   available
Mem:           125Gi       107Gi       1.2Gi       220Mi        17Gi        17Gi
Swap:          8.0Gi       434Mi       7.6Gi
               total        used        free      shared  buff/cache   available
Mem:           125Gi       107Gi       987Mi       220Mi        17Gi        17Gi
Swap:          8.0Gi       434Mi       7.6Gi
               total        used        free      shared  buff/cache   available
Mem:           125Gi       107Gi       1.1Gi       220Mi        17Gi        17Gi
Swap:          8.0Gi       442Mi       7.6Gi
               total        used        free      shared  buff/cache   available
Mem:           125Gi       108Gi       862Mi       220Mi        17Gi        16Gi
Swap:          8.0Gi       442Mi       7.6Gi
               total        used        free      shared  buff/cache   available
Mem:           125Gi       108Gi       1.0Gi       220Mi        16Gi        16Gi
Swap:          8.0Gi       442Mi       7.6Gi
               total        used        free      shared  buff/cache   available
Mem:           125Gi       108Gi       751Mi       220Mi        16Gi        16Gi
Swap:          8.0Gi       442Mi       7.6Gi
               total        used        free      shared  buff/cache   available
Mem:           125Gi       108Gi       1.0Gi       220Mi        16Gi        16Gi
Swap:          8.0Gi       442Mi       7.6Gi
               total        used        free      shared  buff/cache   available
Mem:           125Gi       109Gi       763Mi       220Mi        16Gi        15Gi
Swap:          8.0Gi       442Mi       7.6Gi
               total        used        free      shared  buff/cache   available
Mem:           125Gi       109Gi       708Mi       219Mi        15Gi        15Gi
Swap:          8.0Gi       442Mi       7.6Gi
               total        used        free      shared  buff/cache   available
Mem:           125Gi       109Gi       1.0Gi       219Mi        15Gi        15Gi
Swap:          8.0Gi       442Mi       7.6Gi
               total        used        free      shared  buff/cache   available
Mem:           125Gi       110Gi       721Mi       219Mi        15Gi        14Gi
Swap:          8.0Gi       442Mi       7.6Gi
               total        used        free      shared  buff/cache   available
Mem:           125Gi       110Gi       748Mi       219Mi        14Gi        14Gi
Swap:          8.0Gi       442Mi       7.6Gi
               total        used        free      shared  buff/cache   available
Mem:           125Gi       110Gi       1.1Gi       219Mi        14Gi        14Gi
Swap:          8.0Gi       447Mi       7.6Gi
               total        used        free      shared  buff/cache   available
Mem:           125Gi       110Gi       792Mi       219Mi        14Gi        14Gi
Swap:          8.0Gi       447Mi       7.6Gi
               total        used        free      shared  buff/cache   available
Mem:           125Gi       111Gi       810Mi       219Mi        13Gi        13Gi
Swap:          8.0Gi       447Mi       7.6Gi
               total        used        free      shared  buff/cache   available
Mem:           125Gi       111Gi       1.2Gi       204Mi        13Gi        13Gi
Swap:          8.0Gi       458Mi       7.6Gi
               total        used        free      shared  buff/cache   available
Mem:           125Gi       111Gi       933Mi       199Mi        13Gi        13Gi
Swap:          8.0Gi       458Mi       7.6Gi
               total        used        free      shared  buff/cache   available
Mem:           125Gi       111Gi       912Mi       186Mi        13Gi        13Gi
Swap:          8.0Gi       454Mi       7.6Gi
               total        used        free      shared  buff/cache   available
Mem:           125Gi       112Gi       1.2Gi       185Mi        12Gi        12Gi
Swap:          8.0Gi       463Mi       7.5Gi
               total        used        free      shared  buff/cache   available
Mem:           125Gi       112Gi       838Mi       185Mi        12Gi        12Gi
Swap:          8.0Gi       463Mi       7.5Gi
               total        used        free      shared  buff/cache   available
Mem:           125Gi       112Gi       1.0Gi       185Mi        12Gi        12Gi
Swap:          8.0Gi       463Mi       7.5Gi
               total        used        free      shared  buff/cache   available
Mem:           125Gi       112Gi       988Mi       185Mi        12Gi        12Gi
Swap:          8.0Gi       463Mi       7.5Gi
               total        used        free      shared  buff/cache   available
Mem:           125Gi       113Gi       1.0Gi       184Mi        11Gi        11Gi
Swap:          8.0Gi       462Mi       7.5Gi
               total        used        free      shared  buff/cache   available
Mem:           125Gi       113Gi       1.0Gi       184Mi        11Gi        11Gi
Swap:          8.0Gi       462Mi       7.5Gi
               total        used        free      shared  buff/cache   available
Mem:           125Gi       113Gi       848Mi       184Mi        11Gi        11Gi
Swap:          8.0Gi       462Mi       7.5Gi
               total        used        free      shared  buff/cache   available
Mem:           125Gi       114Gi       953Mi       184Mi        10Gi        10Gi
Swap:          8.0Gi       470Mi       7.5Gi
               total        used        free      shared  buff/cache   available
Mem:           125Gi       114Gi       1.1Gi       184Mi        10Gi        10Gi
Swap:          8.0Gi       479Mi       7.5Gi
               total        used        free      shared  buff/cache   available
Mem:           125Gi       114Gi       886Mi       184Mi        10Gi        10Gi
Swap:          8.0Gi       479Mi       7.5Gi
               total        used        free      shared  buff/cache   available
Mem:           125Gi       114Gi       947Mi       184Mi        10Gi        10Gi
Swap:          8.0Gi       479Mi       7.5Gi
               total        used        free      shared  buff/cache   available
Mem:           125Gi       115Gi       1.2Gi       184Mi       9.6Gi       9.9Gi
Swap:          8.0Gi       488Mi       7.5Gi
               total        used        free      shared  buff/cache   available
Mem:           125Gi       115Gi       948Mi       184Mi       9.6Gi       9.6Gi
Swap:          8.0Gi       488Mi       7.5Gi
               total        used        free      shared  buff/cache   available
Mem:           125Gi       115Gi       1.0Gi       184Mi       9.1Gi       9.5Gi
Swap:          8.0Gi       488Mi       7.5Gi
               total        used        free      shared  buff/cache   available
Mem:           125Gi       115Gi       779Mi       184Mi       9.1Gi       9.2Gi
Swap:          8.0Gi       488Mi       7.5Gi
               total        used        free      shared  buff/cache   available
Mem:           125Gi       116Gi       1.1Gi       184Mi       8.5Gi       8.9Gi
Swap:          8.0Gi       498Mi       7.5Gi
               total        used        free      shared  buff/cache   available
Mem:           125Gi       116Gi       737Mi       184Mi       8.5Gi       8.5Gi
Swap:          8.0Gi       498Mi       7.5Gi
               total        used        free      shared  buff/cache   available
Mem:           125Gi       116Gi       1.1Gi       184Mi       7.9Gi       8.2Gi
Swap:          8.0Gi       498Mi       7.5Gi
               total        used        free      shared  buff/cache   available
Mem:           125Gi       117Gi       778Mi       184Mi       7.9Gi       7.9Gi
Swap:          8.0Gi       498Mi       7.5Gi
               total        used        free      shared  buff/cache   available
Mem:           125Gi       117Gi       773Mi       184Mi       7.6Gi       7.6Gi
Swap:          8.0Gi       498Mi       7.5Gi
               total        used        free      shared  buff/cache   available
Mem:           125Gi       117Gi       1.0Gi       184Mi       7.3Gi       7.6Gi
Swap:          8.0Gi       498Mi       7.5Gi
               total        used        free      shared  buff/cache   available
Mem:           125Gi       117Gi       947Mi       184Mi       7.3Gi       7.5Gi
Swap:          8.0Gi       492Mi       7.5Gi
               total        used        free      shared  buff/cache   available
Mem:           125Gi       118Gi       1.0Gi       184Mi       6.8Gi       6.9Gi
Swap:          8.0Gi       500Mi       7.5Gi
               total        used        free      shared  buff/cache   available
Mem:           125Gi       118Gi       878Mi       198Mi       6.9Gi       6.8Gi
Swap:          8.0Gi       500Mi       7.5Gi
               total        used        free      shared  buff/cache   available
Mem:           125Gi       118Gi       1.1Gi       199Mi       6.4Gi       6.8Gi
Swap:          8.0Gi       500Mi       7.5Gi
               total        used        free      shared  buff/cache   available
Mem:           125Gi       118Gi       954Mi       199Mi       6.4Gi       6.7Gi
Swap:          8.0Gi       500Mi       7.5Gi
               total        used        free      shared  buff/cache   available
Mem:           125Gi       118Gi       977Mi       199Mi       6.4Gi       6.7Gi
Swap:          8.0Gi       500Mi       7.5Gi
               total        used        free      shared  buff/cache   available
Mem:           125Gi       118Gi       1.0Gi       199Mi       6.4Gi       6.8Gi
Swap:          8.0Gi       500Mi       7.5Gi
               total        used        free      shared  buff/cache   available
Mem:           125Gi       118Gi       997Mi       199Mi       6.4Gi       6.8Gi
Swap:          8.0Gi       500Mi       7.5Gi
               total        used        free      shared  buff/cache   available
Mem:           125Gi       118Gi       897Mi       199Mi       6.4Gi       6.7Gi
Swap:          8.0Gi       500Mi       7.5Gi
               total        used        free      shared  buff/cache   available
Mem:           125Gi       118Gi       956Mi       199Mi       6.4Gi       6.7Gi
Swap:          8.0Gi       500Mi       7.5Gi
               total        used        free      shared  buff/cache   available
Mem:           125Gi       118Gi       999Mi       199Mi       6.4Gi       6.8Gi
Swap:          8.0Gi       500Mi       7.5Gi
               total        used        free      shared  buff/cache   available
Mem:           125Gi       118Gi       1.0Gi       199Mi       6.4Gi       6.8Gi
Swap:          8.0Gi       500Mi       7.5Gi
               total        used        free      shared  buff/cache   available
Mem:           125Gi       118Gi       873Mi       215Mi       6.4Gi       6.6Gi
Swap:          8.0Gi       500Mi       7.5Gi
               total        used        free      shared  buff/cache   available
Mem:           125Gi       118Gi       1.0Gi       215Mi       6.4Gi       6.8Gi
Swap:          8.0Gi       500Mi       7.5Gi
               total        used        free      shared  buff/cache   available
Mem:           125Gi       118Gi       1.0Gi       215Mi       6.4Gi       6.8Gi
Swap:          8.0Gi       500Mi       7.5Gi
               total        used        free      shared  buff/cache   available
Mem:           125Gi       118Gi       1.1Gi       215Mi       6.4Gi       6.9Gi
Swap:          8.0Gi       500Mi       7.5Gi
               total        used        free      shared  buff/cache   available
Mem:           125Gi       118Gi       1.0Gi       215Mi       6.4Gi       6.8Gi
Swap:          8.0Gi       500Mi       7.5Gi
               total        used        free      shared  buff/cache   available
Mem:           125Gi       118Gi       988Mi       215Mi       6.4Gi       6.8Gi
Swap:          8.0Gi       500Mi       7.5Gi
               total        used        free      shared  buff/cache   available
Mem:           125Gi       118Gi       930Mi       215Mi       6.4Gi       6.7Gi
Swap:          8.0Gi       500Mi       7.5Gi
               total        used        free      shared  buff/cache   available
Mem:           125Gi       118Gi       965Mi       215Mi       6.4Gi       6.7Gi
Swap:          8.0Gi       500Mi       7.5Gi
               total        used        free      shared  buff/cache   available
Mem:           125Gi       118Gi       912Mi       215Mi       6.4Gi       6.7Gi
Swap:          8.0Gi       500Mi       7.5Gi
               total        used        free      shared  buff/cache   available
Mem:           125Gi       118Gi       958Mi       215Mi       6.4Gi       6.7Gi
Swap:          8.0Gi       500Mi       7.5Gi
               total        used        free      shared  buff/cache   available
Mem:           125Gi       118Gi       884Mi       215Mi       6.4Gi       6.7Gi
Swap:          8.0Gi       500Mi       7.5Gi
               total        used        free      shared  buff/cache   available
Mem:           125Gi       118Gi       884Mi       215Mi       6.4Gi       6.7Gi
Swap:          8.0Gi       500Mi       7.5Gi
               total        used        free      shared  buff/cache   available
Mem:           125Gi       118Gi       893Mi       215Mi       6.4Gi       6.7Gi
Swap:          8.0Gi       500Mi       7.5Gi
               total        used        free      shared  buff/cache   available
Mem:           125Gi       118Gi       926Mi       215Mi       6.4Gi       6.7Gi
Swap:          8.0Gi       500Mi       7.5Gi
               total        used        free      shared  buff/cache   available
Mem:           125Gi       118Gi       925Mi       215Mi       6.4Gi       6.7Gi
Swap:          8.0Gi       500Mi       7.5Gi
               total        used        free      shared  buff/cache   available
Mem:           125Gi       118Gi       922Mi       215Mi       6.4Gi       6.7Gi
Swap:          8.0Gi       500Mi       7.5Gi
               total        used        free      shared  buff/cache   available
Mem:           125Gi       118Gi       920Mi       215Mi       6.4Gi       6.7Gi
Swap:          8.0Gi       500Mi       7.5Gi
               total        used        free      shared  buff/cache   available
Mem:           125Gi       118Gi       893Mi       215Mi       6.4Gi       6.7Gi
Swap:          8.0Gi       500Mi       7.5Gi
               total        used        free      shared  buff/cache   available
Mem:           125Gi       118Gi       934Mi       215Mi       6.4Gi       6.7Gi
Swap:          8.0Gi       500Mi       7.5Gi
               total        used        free      shared  buff/cache   available
Mem:           125Gi       118Gi       881Mi       215Mi       6.4Gi       6.7Gi
Swap:          8.0Gi       500Mi       7.5Gi
               total        used        free      shared  buff/cache   available
Mem:           125Gi       118Gi       916Mi       215Mi       6.4Gi       6.7Gi
Swap:          8.0Gi       500Mi       7.5Gi
               total        used        free      shared  buff/cache   available
Mem:           125Gi       118Gi       852Mi       215Mi       6.4Gi       6.6Gi
Swap:          8.0Gi       500Mi       7.5Gi
               total        used        free      shared  buff/cache   available
Mem:           125Gi       118Gi       893Mi       215Mi       6.4Gi       6.7Gi
Swap:          8.0Gi       500Mi       7.5Gi
               total        used        free      shared  buff/cache   available
Mem:           125Gi       118Gi       868Mi       215Mi       6.4Gi       6.6Gi
Swap:          8.0Gi       500Mi       7.5Gi
               total        used        free      shared  buff/cache   available
Mem:           125Gi       118Gi       847Mi       215Mi       6.4Gi       6.6Gi
Swap:          8.0Gi       500Mi       7.5Gi
               total        used        free      shared  buff/cache   available
Mem:           125Gi       118Gi       826Mi       215Mi       6.4Gi       6.6Gi
Swap:          8.0Gi       500Mi       7.5Gi
               total        used        free      shared  buff/cache   available
Mem:           125Gi       118Gi       833Mi       215Mi       6.4Gi       6.6Gi
Swap:          8.0Gi       500Mi       7.5Gi
               total        used        free      shared  buff/cache   available
Mem:           125Gi       118Gi       870Mi       215Mi       6.4Gi       6.7Gi
Swap:          8.0Gi       500Mi       7.5Gi
               total        used        free      shared  buff/cache   available
Mem:           125Gi       118Gi       921Mi       215Mi       6.4Gi       6.7Gi
Swap:          8.0Gi       500Mi       7.5Gi
               total        used        free      shared  buff/cache   available
Mem:           125Gi       118Gi       907Mi       215Mi       6.4Gi       6.7Gi
Swap:          8.0Gi       500Mi       7.5Gi
               total        used        free      shared  buff/cache   available
Mem:           125Gi       118Gi       922Mi       199Mi       6.4Gi       6.7Gi
Swap:          8.0Gi       500Mi       7.5Gi
               total        used        free      shared  buff/cache   available
Mem:           125Gi       118Gi       914Mi       199Mi       6.4Gi       6.7Gi
Swap:          8.0Gi       500Mi       7.5Gi
               total        used        free      shared  buff/cache   available
Mem:           125Gi       118Gi       962Mi       199Mi       6.4Gi       6.8Gi
Swap:          8.0Gi       500Mi       7.5Gi
               total        used        free      shared  buff/cache   available
Mem:           125Gi       118Gi       894Mi       199Mi       6.4Gi       6.7Gi
Swap:          8.0Gi       500Mi       7.5Gi
               total        used        free      shared  buff/cache   available
Mem:           125Gi       118Gi       900Mi       199Mi       6.4Gi       6.7Gi
Swap:          8.0Gi       500Mi       7.5Gi
               total        used        free      shared  buff/cache   available
Mem:           125Gi       118Gi       814Mi       199Mi       6.4Gi       6.6Gi
Swap:          8.0Gi       500Mi       7.5Gi
               total        used        free      shared  buff/cache   available
Mem:           125Gi       118Gi       812Mi       199Mi       6.4Gi       6.6Gi
Swap:          8.0Gi       500Mi       7.5Gi
               total        used        free      shared  buff/cache   available
Mem:           125Gi       118Gi       775Mi       199Mi       6.4Gi       6.6Gi
Swap:          8.0Gi       500Mi       7.5Gi
               total        used        free      shared  buff/cache   available
Mem:           125Gi       118Gi       1.1Gi       199Mi       6.1Gi       6.6Gi
Swap:          8.0Gi       509Mi       7.5Gi
               total        used        free      shared  buff/cache   available
Mem:           125Gi       118Gi       1.0Gi       199Mi       6.1Gi       6.6Gi
Swap:          8.0Gi       509Mi       7.5Gi
               total        used        free      shared  buff/cache   available
Mem:           125Gi       118Gi       982Mi       199Mi       6.1Gi       6.5Gi
Swap:          8.0Gi       509Mi       7.5Gi
               total        used        free      shared  buff/cache   available
Mem:           125Gi       118Gi       1.1Gi       199Mi       6.1Gi       6.6Gi
Swap:          8.0Gi       509Mi       7.5Gi
               total        used        free      shared  buff/cache   available
Mem:           125Gi       118Gi       1.1Gi       199Mi       6.1Gi       6.6Gi
Swap:          8.0Gi       509Mi       7.5Gi
               total        used        free      shared  buff/cache   available
Mem:           125Gi       118Gi       1.1Gi       199Mi       6.1Gi       6.6Gi
Swap:          8.0Gi       509Mi       7.5Gi
               total        used        free      shared  buff/cache   available
Mem:           125Gi       118Gi       1.1Gi       199Mi       6.1Gi       6.6Gi
Swap:          8.0Gi       509Mi       7.5Gi
               total        used        free      shared  buff/cache   available
Mem:           125Gi       118Gi       1.0Gi       199Mi       6.1Gi       6.5Gi
Swap:          8.0Gi       509Mi       7.5Gi
               total        used        free      shared  buff/cache   available
Mem:           125Gi       118Gi       1.0Gi       199Mi       6.1Gi       6.5Gi
Swap:          8.0Gi       509Mi       7.5Gi
               total        used        free      shared  buff/cache   available
Mem:           125Gi       118Gi       1.0Gi       199Mi       6.1Gi       6.5Gi
Swap:          8.0Gi       509Mi       7.5Gi
               total        used        free      shared  buff/cache   available
Mem:           125Gi       118Gi       1.0Gi       199Mi       6.1Gi       6.6Gi
Swap:          8.0Gi       509Mi       7.5Gi
               total        used        free      shared  buff/cache   available
Mem:           125Gi       118Gi       952Mi       198Mi       6.1Gi       6.4Gi
Swap:          8.0Gi       509Mi       7.5Gi
               total        used        free      shared  buff/cache   available
Mem:           125Gi       118Gi       979Mi       198Mi       6.1Gi       6.5Gi
Swap:          8.0Gi       509Mi       7.5Gi
               total        used        free      shared  buff/cache   available
Mem:           125Gi       118Gi       975Mi       198Mi       6.1Gi       6.5Gi
Swap:          8.0Gi       509Mi       7.5Gi
               total        used        free      shared  buff/cache   available
Mem:           125Gi       118Gi       939Mi       198Mi       6.1Gi       6.4Gi
Swap:          8.0Gi       509Mi       7.5Gi
               total        used        free      shared  buff/cache   available
Mem:           125Gi       118Gi       936Mi       198Mi       6.1Gi       6.4Gi
Swap:          8.0Gi       509Mi       7.5Gi
               total        used        free      shared  buff/cache   available
Mem:           125Gi       118Gi       1.0Gi       198Mi       6.1Gi       6.5Gi
Swap:          8.0Gi       509Mi       7.5Gi
               total        used        free      shared  buff/cache   available
Mem:           125Gi       118Gi       987Mi       198Mi       6.1Gi       6.5Gi
Swap:          8.0Gi       509Mi       7.5Gi
               total        used        free      shared  buff/cache   available
Mem:           125Gi       118Gi       982Mi       198Mi       6.1Gi       6.5Gi
Swap:          8.0Gi       509Mi       7.5Gi
               total        used        free      shared  buff/cache   available
Mem:           125Gi       118Gi       974Mi       198Mi       6.1Gi       6.5Gi
Swap:          8.0Gi       509Mi       7.5Gi
               total        used        free      shared  buff/cache   available
Mem:           125Gi       118Gi       1.0Gi       198Mi       6.1Gi       6.5Gi
Swap:          8.0Gi       509Mi       7.5Gi
               total        used        free      shared  buff/cache   available
Mem:           125Gi       118Gi       1.0Gi       198Mi       6.1Gi       6.5Gi
Swap:          8.0Gi       509Mi       7.5Gi
               total        used        free      shared  buff/cache   available
Mem:           125Gi       118Gi       952Mi       198Mi       6.1Gi       6.4Gi
Swap:          8.0Gi       509Mi       7.5Gi
               total        used        free      shared  buff/cache   available
Mem:           125Gi       118Gi       1.1Gi       198Mi       6.1Gi       6.6Gi
Swap:          8.0Gi       509Mi       7.5Gi
               total        used        free      shared  buff/cache   available
Mem:           125Gi       118Gi       1.0Gi       198Mi       6.1Gi       6.5Gi
Swap:          8.0Gi       509Mi       7.5Gi
               total        used        free      shared  buff/cache   available
Mem:           125Gi       118Gi       1.0Gi       198Mi       6.1Gi       6.5Gi
Swap:          8.0Gi       509Mi       7.5Gi
               total        used        free      shared  buff/cache   available
Mem:           125Gi       118Gi       955Mi       198Mi       6.1Gi       6.4Gi
Swap:          8.0Gi       509Mi       7.5Gi
               total        used        free      shared  buff/cache   available
Mem:           125Gi       118Gi       900Mi       198Mi       6.1Gi       6.4Gi
Swap:          8.0Gi       509Mi       7.5Gi
               total        used        free      shared  buff/cache   available
Mem:           125Gi       118Gi       1.1Gi       198Mi       6.1Gi       6.6Gi
Swap:          8.0Gi       509Mi       7.5Gi
               total        used        free      shared  buff/cache   available
Mem:           125Gi       118Gi       1.1Gi       198Mi       6.1Gi       6.6Gi
Swap:          8.0Gi       509Mi       7.5Gi
               total        used        free      shared  buff/cache   available
Mem:           125Gi       118Gi       1.0Gi       198Mi       6.1Gi       6.6Gi
Swap:          8.0Gi       509Mi       7.5Gi
               total        used        free      shared  buff/cache   available
Mem:           125Gi       118Gi       992Mi       198Mi       6.1Gi       6.5Gi
Swap:          8.0Gi       509Mi       7.5Gi
               total        used        free      shared  buff/cache   available
Mem:           125Gi       118Gi       939Mi       198Mi       6.1Gi       6.4Gi
Swap:          8.0Gi       509Mi       7.5Gi
               total        used        free      shared  buff/cache   available
Mem:           125Gi       118Gi       1.0Gi       198Mi       6.1Gi       6.5Gi
Swap:          8.0Gi       509Mi       7.5Gi
               total        used        free      shared  buff/cache   available
Mem:           125Gi       118Gi       949Mi       198Mi       6.1Gi       6.4Gi
Swap:          8.0Gi       509Mi       7.5Gi
               total        used        free      shared  buff/cache   available
Mem:           125Gi       118Gi       917Mi       198Mi       6.1Gi       6.4Gi
Swap:          8.0Gi       509Mi       7.5Gi
               total        used        free      shared  buff/cache   available
Mem:           125Gi       118Gi       1.0Gi       198Mi       6.1Gi       6.5Gi
Swap:          8.0Gi       509Mi       7.5Gi
               total        used        free      shared  buff/cache   available
Mem:           125Gi       118Gi       980Mi       198Mi       6.1Gi       6.5Gi
Swap:          8.0Gi       509Mi       7.5Gi
               total        used        free      shared  buff/cache   available
Mem:           125Gi       118Gi       949Mi       198Mi       6.1Gi       6.4Gi
Swap:          8.0Gi       509Mi       7.5Gi
               total        used        free      shared  buff/cache   available
Mem:           125Gi       118Gi       974Mi       198Mi       6.1Gi       6.5Gi
Swap:          8.0Gi       509Mi       7.5Gi
               total        used        free      shared  buff/cache   available
Mem:           125Gi       118Gi       984Mi       198Mi       6.1Gi       6.5Gi
Swap:          8.0Gi       509Mi       7.5Gi
               total        used        free      shared  buff/cache   available
Mem:           125Gi       118Gi       907Mi       198Mi       6.1Gi       6.4Gi
Swap:          8.0Gi       509Mi       7.5Gi
               total        used        free      shared  buff/cache   available
Mem:           125Gi       118Gi       879Mi       198Mi       6.1Gi       6.4Gi
Swap:          8.0Gi       509Mi       7.5Gi
               total        used        free      shared  buff/cache   available
Mem:           125Gi       118Gi       961Mi       198Mi       6.1Gi       6.5Gi
Swap:          8.0Gi       509Mi       7.5Gi
               total        used        free      shared  buff/cache   available
Mem:           125Gi       118Gi       984Mi       198Mi       6.1Gi       6.5Gi
Swap:          8.0Gi       509Mi       7.5Gi
               total        used        free      shared  buff/cache   available
Mem:           125Gi       118Gi       950Mi       199Mi       6.1Gi       6.4Gi
Swap:          8.0Gi       509Mi       7.5Gi
               total        used        free      shared  buff/cache   available
Mem:           125Gi       118Gi       989Mi       199Mi       6.1Gi       6.5Gi
Swap:          8.0Gi       509Mi       7.5Gi
               total        used        free      shared  buff/cache   available
Mem:           125Gi       118Gi       996Mi       199Mi       6.1Gi       6.5Gi
Swap:          8.0Gi       509Mi       7.5Gi
               total        used        free      shared  buff/cache   available
Mem:           125Gi       118Gi       982Mi       199Mi       6.1Gi       6.5Gi
Swap:          8.0Gi       509Mi       7.5Gi
               total        used        free      shared  buff/cache   available
Mem:           125Gi       118Gi       962Mi       199Mi       6.1Gi       6.5Gi
Swap:          8.0Gi       509Mi       7.5Gi
               total        used        free      shared  buff/cache   available
Mem:           125Gi       118Gi       974Mi       199Mi       6.1Gi       6.5Gi
Swap:          8.0Gi       509Mi       7.5Gi
               total        used        free      shared  buff/cache   available
Mem:           125Gi       118Gi       999Mi       199Mi       6.1Gi       6.5Gi
Swap:          8.0Gi       509Mi       7.5Gi
               total        used        free      shared  buff/cache   available
Mem:           125Gi       118Gi       1.0Gi       199Mi       6.1Gi       6.5Gi
Swap:          8.0Gi       509Mi       7.5Gi
               total        used        free      shared  buff/cache   available
Mem:           125Gi       118Gi       1.0Gi       199Mi       6.1Gi       6.5Gi
Swap:          8.0Gi       509Mi       7.5Gi
               total        used        free      shared  buff/cache   available
Mem:           125Gi       118Gi       1.0Gi       199Mi       6.1Gi       6.5Gi
Swap:          8.0Gi       509Mi       7.5Gi
               total        used        free      shared  buff/cache   available
Mem:           125Gi       118Gi       1.0Gi       199Mi       6.1Gi       6.5Gi
Swap:          8.0Gi       509Mi       7.5Gi
               total        used        free      shared  buff/cache   available
Mem:           125Gi       118Gi       1.0Gi       199Mi       6.1Gi       6.5Gi
Swap:          8.0Gi       509Mi       7.5Gi
               total        used        free      shared  buff/cache   available
Mem:           125Gi       118Gi       1.0Gi       199Mi       6.1Gi       6.5Gi
Swap:          8.0Gi       509Mi       7.5Gi
               total        used        free      shared  buff/cache   available
Mem:           125Gi       118Gi       1.0Gi       199Mi       6.1Gi       6.5Gi
Swap:          8.0Gi       509Mi       7.5Gi
               total        used        free      shared  buff/cache   available
Mem:           125Gi       118Gi       1.0Gi       199Mi       6.1Gi       6.5Gi
Swap:          8.0Gi       509Mi       7.5Gi
               total        used        free      shared  buff/cache   available
Mem:           125Gi       118Gi       1.0Gi       199Mi       6.1Gi       6.5Gi
Swap:          8.0Gi       509Mi       7.5Gi
               total        used        free      shared  buff/cache   available
Mem:           125Gi       118Gi       1.0Gi       199Mi       6.1Gi       6.5Gi
Swap:          8.0Gi       509Mi       7.5Gi
               total        used        free      shared  buff/cache   available
Mem:           125Gi       118Gi       1.0Gi       199Mi       6.1Gi       6.5Gi
Swap:          8.0Gi       509Mi       7.5Gi
               total        used        free      shared  buff/cache   available
Mem:           125Gi       118Gi       1.0Gi       199Mi       6.1Gi       6.5Gi
Swap:          8.0Gi       509Mi       7.5Gi
               total        used        free      shared  buff/cache   available
Mem:           125Gi       118Gi       1.0Gi       199Mi       6.1Gi       6.5Gi
Swap:          8.0Gi       509Mi       7.5Gi
               total        used        free      shared  buff/cache   available
Mem:           125Gi       118Gi       993Mi       199Mi       6.1Gi       6.5Gi
Swap:          8.0Gi       509Mi       7.5Gi
               total        used        free      shared  buff/cache   available
Mem:           125Gi       118Gi       996Mi       199Mi       6.1Gi       6.5Gi
Swap:          8.0Gi       509Mi       7.5Gi
               total        used        free      shared  buff/cache   available
Mem:           125Gi       118Gi       1.0Gi       199Mi       6.1Gi       6.5Gi
Swap:          8.0Gi       509Mi       7.5Gi
               total        used        free      shared  buff/cache   available
Mem:           125Gi       118Gi       1.0Gi       199Mi       6.1Gi       6.5Gi
Swap:          8.0Gi       509Mi       7.5Gi
               total        used        free      shared  buff/cache   available
Mem:           125Gi       118Gi       1.0Gi       199Mi       6.1Gi       6.5Gi
Swap:          8.0Gi       509Mi       7.5Gi
               total        used        free      shared  buff/cache   available
Mem:           125Gi       118Gi       950Mi       199Mi       6.1Gi       6.4Gi
Swap:          8.0Gi       509Mi       7.5Gi
               total        used        free      shared  buff/cache   available
Mem:           125Gi       118Gi       945Mi       199Mi       6.1Gi       6.4Gi
Swap:          8.0Gi       509Mi       7.5Gi
               total        used        free      shared  buff/cache   available
Mem:           125Gi       118Gi       940Mi       199Mi       6.1Gi       6.4Gi
Swap:          8.0Gi       509Mi       7.5Gi
               total        used        free      shared  buff/cache   available
Mem:           125Gi       118Gi       1.1Gi       199Mi       6.1Gi       6.6Gi
Swap:          8.0Gi       509Mi       7.5Gi
               total        used        free      shared  buff/cache   available
Mem:           125Gi       118Gi       1.1Gi       199Mi       6.1Gi       6.6Gi
Swap:          8.0Gi       509Mi       7.5Gi
               total        used        free      shared  buff/cache   available
Mem:           125Gi       118Gi       1.0Gi       199Mi       6.1Gi       6.6Gi
Swap:          8.0Gi       509Mi       7.5Gi
               total        used        free      shared  buff/cache   available
Mem:           125Gi       118Gi       1.0Gi       199Mi       6.1Gi       6.5Gi
Swap:          8.0Gi       509Mi       7.5Gi
               total        used        free      shared  buff/cache   available
Mem:           125Gi       118Gi       946Mi       199Mi       6.1Gi       6.4Gi
Swap:          8.0Gi       508Mi       7.5Gi
               total        used        free      shared  buff/cache   available
Mem:           125Gi       118Gi       953Mi       199Mi       6.1Gi       6.5Gi
Swap:          8.0Gi       508Mi       7.5Gi
               total        used        free      shared  buff/cache   available
Mem:           125Gi       118Gi       938Mi       199Mi       6.1Gi       6.4Gi
Swap:          8.0Gi       508Mi       7.5Gi
               total        used        free      shared  buff/cache   available
Mem:           125Gi       118Gi       945Mi       199Mi       6.1Gi       6.4Gi
Swap:          8.0Gi       508Mi       7.5Gi
               total        used        free      shared  buff/cache   available
Mem:           125Gi       118Gi       915Mi       199Mi       6.1Gi       6.4Gi
Swap:          8.0Gi       508Mi       7.5Gi
               total        used        free      shared  buff/cache   available
Mem:           125Gi       118Gi       911Mi       199Mi       6.1Gi       6.4Gi
Swap:          8.0Gi       508Mi       7.5Gi
               total        used        free      shared  buff/cache   available
Mem:           125Gi       118Gi       926Mi       199Mi       6.1Gi       6.4Gi
Swap:          8.0Gi       508Mi       7.5Gi
               total        used        free      shared  buff/cache   available
Mem:           125Gi       118Gi       930Mi       199Mi       6.1Gi       6.4Gi
Swap:          8.0Gi       508Mi       7.5Gi
               total        used        free      shared  buff/cache   available
Mem:           125Gi       118Gi       940Mi       199Mi       6.1Gi       6.4Gi
Swap:          8.0Gi       508Mi       7.5Gi
               total        used        free      shared  buff/cache   available
Mem:           125Gi       118Gi       1.1Gi       199Mi       6.1Gi       6.7Gi
Swap:          8.0Gi       508Mi       7.5Gi
               total        used        free      shared  buff/cache   available
Mem:           125Gi       118Gi       1.1Gi       199Mi       6.1Gi       6.6Gi
Swap:          8.0Gi       508Mi       7.5Gi
               total        used        free      shared  buff/cache   available
Mem:           125Gi       118Gi       1.1Gi       199Mi       6.1Gi       6.6Gi
Swap:          8.0Gi       508Mi       7.5Gi
               total        used        free      shared  buff/cache   available
Mem:           125Gi       118Gi       1.1Gi       199Mi       6.1Gi       6.6Gi
Swap:          8.0Gi       508Mi       7.5Gi
               total        used        free      shared  buff/cache   available
Mem:           125Gi       118Gi       1.1Gi       199Mi       6.1Gi       6.6Gi
Swap:          8.0Gi       508Mi       7.5Gi
               total        used        free      shared  buff/cache   available
Mem:           125Gi       118Gi       1.1Gi       199Mi       6.1Gi       6.6Gi
Swap:          8.0Gi       508Mi       7.5Gi
               total        used        free      shared  buff/cache   available
Mem:           125Gi       118Gi       1.1Gi       199Mi       6.1Gi       6.6Gi
Swap:          8.0Gi       508Mi       7.5Gi
               total        used        free      shared  buff/cache   available
Mem:           125Gi       118Gi       1.1Gi       199Mi       6.1Gi       6.6Gi
Swap:          8.0Gi       508Mi       7.5Gi
               total        used        free      shared  buff/cache   available
Mem:           125Gi       118Gi       1.1Gi       199Mi       6.1Gi       6.6Gi
Swap:          8.0Gi       508Mi       7.5Gi
               total        used        free      shared  buff/cache   available
Mem:           125Gi       118Gi       1.1Gi       199Mi       6.1Gi       6.6Gi
Swap:          8.0Gi       508Mi       7.5Gi
               total        used        free      shared  buff/cache   available
Mem:           125Gi       118Gi       1.1Gi       199Mi       6.1Gi       6.6Gi
Swap:          8.0Gi       508Mi       7.5Gi
               total        used        free      shared  buff/cache   available
Mem:           125Gi       118Gi       1.1Gi       199Mi       6.1Gi       6.6Gi
Swap:          8.0Gi       508Mi       7.5Gi
               total        used        free      shared  buff/cache   available
Mem:           125Gi       118Gi       1.1Gi       199Mi       6.1Gi       6.6Gi
Swap:          8.0Gi       508Mi       7.5Gi
               total        used        free      shared  buff/cache   available
Mem:           125Gi       118Gi       1.1Gi       199Mi       6.1Gi       6.6Gi
Swap:          8.0Gi       508Mi       7.5Gi
               total        used        free      shared  buff/cache   available
Mem:           125Gi       118Gi       1.1Gi       199Mi       6.1Gi       6.6Gi
Swap:          8.0Gi       508Mi       7.5Gi
               total        used        free      shared  buff/cache   available
Mem:           125Gi       118Gi       1.0Gi       199Mi       6.1Gi       6.6Gi
Swap:          8.0Gi       508Mi       7.5Gi
               total        used        free      shared  buff/cache   available
Mem:           125Gi       118Gi       1.1Gi       199Mi       6.1Gi       6.6Gi
Swap:          8.0Gi       508Mi       7.5Gi
               total        used        free      shared  buff/cache   available
Mem:           125Gi       118Gi       1.1Gi       199Mi       6.1Gi       6.6Gi
Swap:          8.0Gi       508Mi       7.5Gi
               total        used        free      shared  buff/cache   available
Mem:           125Gi       118Gi       1.1Gi       199Mi       6.1Gi       6.6Gi
Swap:          8.0Gi       508Mi       7.5Gi
               total        used        free      shared  buff/cache   available
Mem:           125Gi       118Gi       1.0Gi       199Mi       6.1Gi       6.6Gi
Swap:          8.0Gi       508Mi       7.5Gi
               total        used        free      shared  buff/cache   available
Mem:           125Gi       118Gi       1.0Gi       199Mi       6.1Gi       6.6Gi
Swap:          8.0Gi       508Mi       7.5Gi
               total        used        free      shared  buff/cache   available
Mem:           125Gi       118Gi       1.0Gi       199Mi       6.1Gi       6.6Gi
Swap:          8.0Gi       508Mi       7.5Gi
               total        used        free      shared  buff/cache   available
Mem:           125Gi       118Gi       1.0Gi       199Mi       6.1Gi       6.6Gi
Swap:          8.0Gi       508Mi       7.5Gi
               total        used        free      shared  buff/cache   available
Mem:           125Gi       118Gi       1.0Gi       199Mi       6.1Gi       6.5Gi
Swap:          8.0Gi       508Mi       7.5Gi
               total        used        free      shared  buff/cache   available
Mem:           125Gi       118Gi       1.0Gi       199Mi       6.1Gi       6.5Gi
Swap:          8.0Gi       508Mi       7.5Gi
               total        used        free      shared  buff/cache   available
Mem:           125Gi       118Gi       1.0Gi       199Mi       6.1Gi       6.5Gi
Swap:          8.0Gi       508Mi       7.5Gi
               total        used        free      shared  buff/cache   available
Mem:           125Gi       118Gi       1.0Gi       199Mi       6.1Gi       6.5Gi
Swap:          8.0Gi       508Mi       7.5Gi
               total        used        free      shared  buff/cache   available
Mem:           125Gi       118Gi       1.0Gi       199Mi       6.1Gi       6.5Gi
Swap:          8.0Gi       508Mi       7.5Gi
               total        used        free      shared  buff/cache   available
Mem:           125Gi       118Gi       998Mi       199Mi       6.1Gi       6.5Gi
Swap:          8.0Gi       508Mi       7.5Gi
               total        used        free      shared  buff/cache   available
Mem:           125Gi       118Gi       1.0Gi       199Mi       6.1Gi       6.5Gi
Swap:          8.0Gi       508Mi       7.5Gi
               total        used        free      shared  buff/cache   available
Mem:           125Gi       118Gi       1.0Gi       199Mi       6.1Gi       6.6Gi
Swap:          8.0Gi       508Mi       7.5Gi
               total        used        free      shared  buff/cache   available
Mem:           125Gi       118Gi       1.0Gi       199Mi       6.1Gi       6.6Gi
Swap:          8.0Gi       508Mi       7.5Gi
               total        used        free      shared  buff/cache   available
Mem:           125Gi       118Gi       1.0Gi       193Mi       6.1Gi       6.5Gi
Swap:          8.0Gi       508Mi       7.5Gi
               total        used        free      shared  buff/cache   available
Mem:           125Gi       118Gi       994Mi       193Mi       6.1Gi       6.5Gi
Swap:          8.0Gi       508Mi       7.5Gi
               total        used        free      shared  buff/cache   available
Mem:           125Gi       118Gi       945Mi       193Mi       6.1Gi       6.5Gi
Swap:          8.0Gi       508Mi       7.5Gi
               total        used        free      shared  buff/cache   available
Mem:           125Gi       118Gi       898Mi       193Mi       6.1Gi       6.4Gi
Swap:          8.0Gi       506Mi       7.5Gi
               total        used        free      shared  buff/cache   available
Mem:           125Gi       118Gi       910Mi       193Mi       6.1Gi       6.4Gi
Swap:          8.0Gi       506Mi       7.5Gi
               total        used        free      shared  buff/cache   available
Mem:           125Gi       118Gi       930Mi       193Mi       6.1Gi       6.4Gi
Swap:          8.0Gi       506Mi       7.5Gi
               total        used        free      shared  buff/cache   available
Mem:           125Gi       118Gi       932Mi       193Mi       6.1Gi       6.4Gi
Swap:          8.0Gi       506Mi       7.5Gi
               total        used        free      shared  buff/cache   available
Mem:           125Gi       118Gi       926Mi       193Mi       6.1Gi       6.4Gi
Swap:          8.0Gi       506Mi       7.5Gi
               total        used        free      shared  buff/cache   available
Mem:           125Gi       118Gi       929Mi       193Mi       6.1Gi       6.4Gi
Swap:          8.0Gi       506Mi       7.5Gi
               total        used        free      shared  buff/cache   available
Mem:           125Gi       118Gi       929Mi       193Mi       6.1Gi       6.4Gi
Swap:          8.0Gi       506Mi       7.5Gi
               total        used        free      shared  buff/cache   available
Mem:           125Gi       118Gi       925Mi       193Mi       6.1Gi       6.4Gi
Swap:          8.0Gi       506Mi       7.5Gi
               total        used        free      shared  buff/cache   available
Mem:           125Gi       118Gi       889Mi       193Mi       6.1Gi       6.4Gi
Swap:          8.0Gi       506Mi       7.5Gi
               total        used        free      shared  buff/cache   available
Mem:           125Gi       118Gi       830Mi       193Mi       6.1Gi       6.3Gi
Swap:          8.0Gi       506Mi       7.5Gi
               total        used        free      shared  buff/cache   available
Mem:           125Gi       118Gi       864Mi       193Mi       6.1Gi       6.4Gi
Swap:          8.0Gi       506Mi       7.5Gi
               total        used        free      shared  buff/cache   available
Mem:           125Gi       118Gi       867Mi       193Mi       6.1Gi       6.4Gi
Swap:          8.0Gi       506Mi       7.5Gi
               total        used        free      shared  buff/cache   available
Mem:           125Gi       118Gi       887Mi       193Mi       6.1Gi       6.4Gi
Swap:          8.0Gi       506Mi       7.5Gi
               total        used        free      shared  buff/cache   available
Mem:           125Gi       118Gi       892Mi       193Mi       6.1Gi       6.4Gi
Swap:          8.0Gi       506Mi       7.5Gi
               total        used        free      shared  buff/cache   available
Mem:           125Gi       118Gi       846Mi       193Mi       6.1Gi       6.4Gi
Swap:          8.0Gi       506Mi       7.5Gi
               total        used        free      shared  buff/cache   available
Mem:           125Gi       118Gi       854Mi       193Mi       6.1Gi       6.4Gi
Swap:          8.0Gi       506Mi       7.5Gi
               total        used        free      shared  buff/cache   available
Mem:           125Gi       118Gi       859Mi       193Mi       6.1Gi       6.4Gi
Swap:          8.0Gi       506Mi       7.5Gi
               total        used        free      shared  buff/cache   available
Mem:           125Gi       118Gi       859Mi       193Mi       6.1Gi       6.4Gi
Swap:          8.0Gi       506Mi       7.5Gi
               total        used        free      shared  buff/cache   available
Mem:           125Gi       118Gi       875Mi       193Mi       6.1Gi       6.4Gi
Swap:          8.0Gi       506Mi       7.5Gi
               total        used        free      shared  buff/cache   available
Mem:           125Gi       118Gi       862Mi       193Mi       6.1Gi       6.4Gi
Swap:          8.0Gi       506Mi       7.5Gi
               total        used        free      shared  buff/cache   available
Mem:           125Gi       118Gi       890Mi       193Mi       6.1Gi       6.4Gi
Swap:          8.0Gi       506Mi       7.5Gi
               total        used        free      shared  buff/cache   available
Mem:           125Gi       118Gi       887Mi       193Mi       6.1Gi       6.4Gi
Swap:          8.0Gi       506Mi       7.5Gi
               total        used        free      shared  buff/cache   available
Mem:           125Gi       118Gi       898Mi       193Mi       6.1Gi       6.4Gi
Swap:          8.0Gi       506Mi       7.5Gi
               total        used        free      shared  buff/cache   available
Mem:           125Gi       118Gi       878Mi       193Mi       6.1Gi       6.4Gi
Swap:          8.0Gi       506Mi       7.5Gi
               total        used        free      shared  buff/cache   available
Mem:           125Gi       118Gi       873Mi       193Mi       6.1Gi       6.4Gi
Swap:          8.0Gi       506Mi       7.5Gi
               total        used        free      shared  buff/cache   available
Mem:           125Gi       118Gi       875Mi       193Mi       6.1Gi       6.4Gi
Swap:          8.0Gi       506Mi       7.5Gi
               total        used        free      shared  buff/cache   available
Mem:           125Gi       118Gi       871Mi       193Mi       6.1Gi       6.4Gi
Swap:          8.0Gi       506Mi       7.5Gi
               total        used        free      shared  buff/cache   available
Mem:           125Gi       118Gi       881Mi       193Mi       6.1Gi       6.4Gi
Swap:          8.0Gi       506Mi       7.5Gi
               total        used        free      shared  buff/cache   available
Mem:           125Gi       118Gi       883Mi       193Mi       6.1Gi       6.4Gi
Swap:          8.0Gi       506Mi       7.5Gi
               total        used        free      shared  buff/cache   available
Mem:           125Gi       118Gi       884Mi       193Mi       6.1Gi       6.4Gi
Swap:          8.0Gi       506Mi       7.5Gi
               total        used        free      shared  buff/cache   available
Mem:           125Gi       118Gi       882Mi       193Mi       6.1Gi       6.4Gi
Swap:          8.0Gi       506Mi       7.5Gi
               total        used        free      shared  buff/cache   available
Mem:           125Gi       118Gi       877Mi       193Mi       6.1Gi       6.4Gi
Swap:          8.0Gi       506Mi       7.5Gi
               total        used        free      shared  buff/cache   available
Mem:           125Gi       118Gi       846Mi       193Mi       6.1Gi       6.4Gi
Swap:          8.0Gi       506Mi       7.5Gi
               total        used        free      shared  buff/cache   available
Mem:           125Gi       118Gi       846Mi       193Mi       6.1Gi       6.4Gi
Swap:          8.0Gi       506Mi       7.5Gi
               total        used        free      shared  buff/cache   available
Mem:           125Gi       118Gi       848Mi       193Mi       6.1Gi       6.4Gi
Swap:          8.0Gi       506Mi       7.5Gi
               total        used        free      shared  buff/cache   available
Mem:           125Gi       118Gi       843Mi       193Mi       6.1Gi       6.4Gi
Swap:          8.0Gi       506Mi       7.5Gi
               total        used        free      shared  buff/cache   available
Mem:           125Gi       118Gi       839Mi       193Mi       6.1Gi       6.4Gi
Swap:          8.0Gi       506Mi       7.5Gi
               total        used        free      shared  buff/cache   available
Mem:           125Gi       118Gi       842Mi       193Mi       6.1Gi       6.4Gi
Swap:          8.0Gi       506Mi       7.5Gi
               total        used        free      shared  buff/cache   available
Mem:           125Gi       118Gi       839Mi       193Mi       6.1Gi       6.4Gi
Swap:          8.0Gi       506Mi       7.5Gi
               total        used        free      shared  buff/cache   available
Mem:           125Gi       118Gi       805Mi       193Mi       6.1Gi       6.3Gi
Swap:          8.0Gi       506Mi       7.5Gi
               total        used        free      shared  buff/cache   available
Mem:           125Gi       118Gi       802Mi       193Mi       6.1Gi       6.3Gi
Swap:          8.0Gi       506Mi       7.5Gi
               total        used        free      shared  buff/cache   available
Mem:           125Gi       118Gi       828Mi       193Mi       6.1Gi       6.4Gi
Swap:          8.0Gi       506Mi       7.5Gi
               total        used        free      shared  buff/cache   available
Mem:           125Gi       118Gi       829Mi       193Mi       6.1Gi       6.4Gi
Swap:          8.0Gi       506Mi       7.5Gi
               total        used        free      shared  buff/cache   available
Mem:           125Gi       118Gi       829Mi       193Mi       6.1Gi       6.4Gi
Swap:          8.0Gi       506Mi       7.5Gi
               total        used        free      shared  buff/cache   available
Mem:           125Gi       118Gi       827Mi       193Mi       6.1Gi       6.3Gi
Swap:          8.0Gi       506Mi       7.5Gi
               total        used        free      shared  buff/cache   available
Mem:           125Gi       118Gi       816Mi       193Mi       6.1Gi       6.3Gi
Swap:          8.0Gi       506Mi       7.5Gi
               total        used        free      shared  buff/cache   available
Mem:           125Gi       118Gi       797Mi       193Mi       6.1Gi       6.3Gi
Swap:          8.0Gi       506Mi       7.5Gi
               total        used        free      shared  buff/cache   available
Mem:           125Gi       118Gi       797Mi       193Mi       6.1Gi       6.3Gi
Swap:          8.0Gi       506Mi       7.5Gi
               total        used        free      shared  buff/cache   available
Mem:           125Gi       118Gi       797Mi       193Mi       6.1Gi       6.3Gi
Swap:          8.0Gi       506Mi       7.5Gi
               total        used        free      shared  buff/cache   available
Mem:           125Gi       118Gi       799Mi       193Mi       6.1Gi       6.3Gi
Swap:          8.0Gi       506Mi       7.5Gi
               total        used        free      shared  buff/cache   available
Mem:           125Gi       118Gi       799Mi       193Mi       6.1Gi       6.3Gi
Swap:          8.0Gi       506Mi       7.5Gi
               total        used        free      shared  buff/cache   available
Mem:           125Gi       118Gi       803Mi       193Mi       6.1Gi       6.3Gi
Swap:          8.0Gi       506Mi       7.5Gi
               total        used        free      shared  buff/cache   available
Mem:           125Gi       118Gi       802Mi       193Mi       6.1Gi       6.3Gi
Swap:          8.0Gi       506Mi       7.5Gi
               total        used        free      shared  buff/cache   available
Mem:           125Gi       118Gi       792Mi       193Mi       6.1Gi       6.3Gi
Swap:          8.0Gi       506Mi       7.5Gi
               total        used        free      shared  buff/cache   available
Mem:           125Gi       118Gi       1.1Gi       193Mi       5.8Gi       6.3Gi
Swap:          8.0Gi       506Mi       7.5Gi
               total        used        free      shared  buff/cache   available
Mem:           125Gi       118Gi       1.1Gi       198Mi       5.8Gi       6.3Gi
Swap:          8.0Gi       506Mi       7.5Gi
               total        used        free      shared  buff/cache   available
Mem:           125Gi       118Gi       1.1Gi       198Mi       5.8Gi       6.3Gi
Swap:          8.0Gi       506Mi       7.5Gi
               total        used        free      shared  buff/cache   available
Mem:           125Gi       118Gi       1.1Gi       198Mi       5.8Gi       6.3Gi
Swap:          8.0Gi       506Mi       7.5Gi
               total        used        free      shared  buff/cache   available
Mem:           125Gi       118Gi       1.1Gi       198Mi       5.8Gi       6.3Gi
Swap:          8.0Gi       506Mi       7.5Gi
               total        used        free      shared  buff/cache   available
Mem:           125Gi       118Gi       1.0Gi       198Mi       5.8Gi       6.3Gi
Swap:          8.0Gi       506Mi       7.5Gi
               total        used        free      shared  buff/cache   available
Mem:           125Gi       118Gi       1.0Gi       198Mi       5.8Gi       6.3Gi
Swap:          8.0Gi       506Mi       7.5Gi
               total        used        free      shared  buff/cache   available
Mem:           125Gi       118Gi       1.0Gi       204Mi       5.8Gi       6.2Gi
Swap:          8.0Gi       506Mi       7.5Gi
               total        used        free      shared  buff/cache   available
Mem:           125Gi       118Gi       1.0Gi       204Mi       5.8Gi       6.3Gi
Swap:          8.0Gi       506Mi       7.5Gi
               total        used        free      shared  buff/cache   available
Mem:           125Gi       118Gi       1.1Gi       204Mi       5.8Gi       6.3Gi
Swap:          8.0Gi       506Mi       7.5Gi
               total        used        free      shared  buff/cache   available
Mem:           125Gi       118Gi       1.1Gi       204Mi       5.8Gi       6.3Gi
Swap:          8.0Gi       506Mi       7.5Gi
               total        used        free      shared  buff/cache   available
Mem:           125Gi       118Gi       1.1Gi       204Mi       5.8Gi       6.3Gi
Swap:          8.0Gi       506Mi       7.5Gi
               total        used        free      shared  buff/cache   available
Mem:           125Gi       118Gi       1.1Gi       204Mi       5.8Gi       6.3Gi
Swap:          8.0Gi       506Mi       7.5Gi
               total        used        free      shared  buff/cache   available
Mem:           125Gi       118Gi       982Mi       204Mi       5.8Gi       6.2Gi
Swap:          8.0Gi       506Mi       7.5Gi
               total        used        free      shared  buff/cache   available
Mem:           125Gi       118Gi       1.0Gi       204Mi       5.8Gi       6.2Gi
Swap:          8.0Gi       506Mi       7.5Gi
               total        used        free      shared  buff/cache   available
Mem:           125Gi       118Gi       1.0Gi       204Mi       5.8Gi       6.3Gi
Swap:          8.0Gi       506Mi       7.5Gi
               total        used        free      shared  buff/cache   available
Mem:           125Gi       118Gi       1.0Gi       204Mi       5.8Gi       6.3Gi
Swap:          8.0Gi       506Mi       7.5Gi
               total        used        free      shared  buff/cache   available
Mem:           125Gi       118Gi       1.0Gi       204Mi       5.8Gi       6.3Gi
Swap:          8.0Gi       506Mi       7.5Gi
               total        used        free      shared  buff/cache   available
Mem:           125Gi       118Gi       1.0Gi       204Mi       5.8Gi       6.3Gi
Swap:          8.0Gi       506Mi       7.5Gi
               total        used        free      shared  buff/cache   available
Mem:           125Gi       118Gi       1.0Gi       204Mi       5.8Gi       6.3Gi
Swap:          8.0Gi       506Mi       7.5Gi
               total        used        free      shared  buff/cache   available
Mem:           125Gi       118Gi       1.0Gi       204Mi       5.8Gi       6.2Gi
Swap:          8.0Gi       506Mi       7.5Gi
               total        used        free      shared  buff/cache   available
Mem:           125Gi       118Gi       1.0Gi       204Mi       5.8Gi       6.2Gi
Swap:          8.0Gi       506Mi       7.5Gi
               total        used        free      shared  buff/cache   available
Mem:           125Gi       118Gi       1.0Gi       204Mi       5.8Gi       6.2Gi
Swap:          8.0Gi       506Mi       7.5Gi
               total        used        free      shared  buff/cache   available
Mem:           125Gi       118Gi       1.0Gi       204Mi       5.8Gi       6.2Gi
Swap:          8.0Gi       506Mi       7.5Gi
               total        used        free      shared  buff/cache   available
Mem:           125Gi       118Gi       1.0Gi       204Mi       5.8Gi       6.2Gi
Swap:          8.0Gi       506Mi       7.5Gi
               total        used        free      shared  buff/cache   available
Mem:           125Gi       118Gi       1.0Gi       204Mi       5.8Gi       6.2Gi
Swap:          8.0Gi       506Mi       7.5Gi
               total        used        free      shared  buff/cache   available
Mem:           125Gi       118Gi       1.0Gi       204Mi       5.8Gi       6.2Gi
Swap:          8.0Gi       506Mi       7.5Gi
               total        used        free      shared  buff/cache   available
Mem:           125Gi       118Gi       1.1Gi       204Mi       5.8Gi       6.3Gi
Swap:          8.0Gi       506Mi       7.5Gi
               total        used        free      shared  buff/cache   available
Mem:           125Gi       118Gi       1.1Gi       204Mi       5.8Gi       6.3Gi
Swap:          8.0Gi       506Mi       7.5Gi
               total        used        free      shared  buff/cache   available
Mem:           125Gi       118Gi       1.1Gi       204Mi       5.8Gi       6.3Gi
Swap:          8.0Gi       506Mi       7.5Gi
               total        used        free      shared  buff/cache   available
Mem:           125Gi       118Gi       1.0Gi       204Mi       5.8Gi       6.2Gi
Swap:          8.0Gi       506Mi       7.5Gi
               total        used        free      shared  buff/cache   available
Mem:           125Gi       118Gi       1.0Gi       204Mi       5.8Gi       6.2Gi
Swap:          8.0Gi       506Mi       7.5Gi
               total        used        free      shared  buff/cache   available
Mem:           125Gi       118Gi       999Mi       204Mi       5.8Gi       6.2Gi
Swap:          8.0Gi       506Mi       7.5Gi
               total        used        free      shared  buff/cache   available
Mem:           125Gi       118Gi       916Mi       204Mi       5.8Gi       6.1Gi
Swap:          8.0Gi       506Mi       7.5Gi
               total        used        free      shared  buff/cache   available
Mem:           125Gi       119Gi       840Mi       204Mi       5.8Gi       6.1Gi
Swap:          8.0Gi       506Mi       7.5Gi
               total        used        free      shared  buff/cache   available
Mem:           125Gi       119Gi       836Mi       204Mi       5.8Gi       6.1Gi
Swap:          8.0Gi       506Mi       7.5Gi
               total        used        free      shared  buff/cache   available
Mem:           125Gi       119Gi       837Mi       204Mi       5.8Gi       6.1Gi
Swap:          8.0Gi       506Mi       7.5Gi
               total        used        free      shared  buff/cache   available
Mem:           125Gi       119Gi       1.1Gi       204Mi       5.5Gi       6.0Gi
Swap:          8.0Gi       506Mi       7.5Gi
               total        used        free      shared  buff/cache   available
Mem:           125Gi       119Gi       1.1Gi       204Mi       5.5Gi       6.0Gi
Swap:          8.0Gi       506Mi       7.5Gi
               total        used        free      shared  buff/cache   available
Mem:           125Gi       119Gi       1.1Gi       204Mi       5.5Gi       6.0Gi
Swap:          8.0Gi       506Mi       7.5Gi
               total        used        free      shared  buff/cache   available
Mem:           125Gi       119Gi       1.1Gi       204Mi       5.5Gi       6.0Gi
Swap:          8.0Gi       506Mi       7.5Gi
               total        used        free      shared  buff/cache   available
Mem:           125Gi       119Gi       1.1Gi       204Mi       5.5Gi       6.0Gi
Swap:          8.0Gi       506Mi       7.5Gi
               total        used        free      shared  buff/cache   available
Mem:           125Gi       119Gi       1.1Gi       204Mi       5.5Gi       6.0Gi
Swap:          8.0Gi       506Mi       7.5Gi
               total        used        free      shared  buff/cache   available
Mem:           125Gi       119Gi       1.1Gi       204Mi       5.5Gi       6.0Gi
Swap:          8.0Gi       506Mi       7.5Gi
               total        used        free      shared  buff/cache   available
Mem:           125Gi       119Gi       1.1Gi       204Mi       5.5Gi       6.0Gi
Swap:          8.0Gi       506Mi       7.5Gi
               total        used        free      shared  buff/cache   available
Mem:           125Gi       119Gi       1.1Gi       204Mi       5.5Gi       6.0Gi
Swap:          8.0Gi       506Mi       7.5Gi
               total        used        free      shared  buff/cache   available
Mem:           125Gi       119Gi       1.1Gi       204Mi       5.5Gi       6.0Gi
Swap:          8.0Gi       506Mi       7.5Gi
               total        used        free      shared  buff/cache   available
Mem:           125Gi       119Gi       1.1Gi       204Mi       5.5Gi       6.0Gi
Swap:          8.0Gi       506Mi       7.5Gi
               total        used        free      shared  buff/cache   available
Mem:           125Gi       119Gi       1.1Gi       204Mi       5.5Gi       6.0Gi
Swap:          8.0Gi       506Mi       7.5Gi
               total        used        free      shared  buff/cache   available
Mem:           125Gi       119Gi       1.1Gi       204Mi       5.5Gi       6.0Gi
Swap:          8.0Gi       506Mi       7.5Gi
               total        used        free      shared  buff/cache   available
Mem:           125Gi       119Gi       1.1Gi       204Mi       5.5Gi       6.0Gi
Swap:          8.0Gi       506Mi       7.5Gi
               total        used        free      shared  buff/cache   available
Mem:           125Gi       119Gi       1.1Gi       204Mi       5.5Gi       6.0Gi
Swap:          8.0Gi       506Mi       7.5Gi
               total        used        free      shared  buff/cache   available
Mem:           125Gi       119Gi       1.1Gi       204Mi       5.5Gi       6.0Gi
Swap:          8.0Gi       506Mi       7.5Gi
               total        used        free      shared  buff/cache   available
Mem:           125Gi       119Gi       1.1Gi       204Mi       5.5Gi       6.0Gi
Swap:          8.0Gi       506Mi       7.5Gi
               total        used        free      shared  buff/cache   available
Mem:           125Gi       119Gi       1.1Gi       204Mi       5.5Gi       6.0Gi
Swap:          8.0Gi       506Mi       7.5Gi
               total        used        free      shared  buff/cache   available
Mem:           125Gi       119Gi       1.1Gi       204Mi       5.5Gi       6.0Gi
Swap:          8.0Gi       506Mi       7.5Gi
               total        used        free      shared  buff/cache   available
Mem:           125Gi       119Gi       1.1Gi       204Mi       5.5Gi       6.0Gi
Swap:          8.0Gi       506Mi       7.5Gi
               total        used        free      shared  buff/cache   available
Mem:           125Gi       119Gi       1.1Gi       204Mi       5.5Gi       6.0Gi
Swap:          8.0Gi       506Mi       7.5Gi
               total        used        free      shared  buff/cache   available
Mem:           125Gi       119Gi       1.1Gi       204Mi       5.5Gi       6.0Gi
Swap:          8.0Gi       506Mi       7.5Gi
               total        used        free      shared  buff/cache   available
Mem:           125Gi       119Gi       1.1Gi       204Mi       5.5Gi       6.0Gi
Swap:          8.0Gi       506Mi       7.5Gi
               total        used        free      shared  buff/cache   available
Mem:           125Gi       119Gi       1.1Gi       204Mi       5.5Gi       6.0Gi
Swap:          8.0Gi       506Mi       7.5Gi
               total        used        free      shared  buff/cache   available
Mem:           125Gi       119Gi       1.1Gi       204Mi       5.5Gi       6.0Gi
Swap:          8.0Gi       506Mi       7.5Gi
               total        used        free      shared  buff/cache   available
Mem:           125Gi       119Gi       1.1Gi       204Mi       5.5Gi       6.0Gi
Swap:          8.0Gi       506Mi       7.5Gi
               total        used        free      shared  buff/cache   available
Mem:           125Gi       119Gi       1.0Gi       204Mi       5.5Gi       5.9Gi
Swap:          8.0Gi       506Mi       7.5Gi
               total        used        free      shared  buff/cache   available
Mem:           125Gi       119Gi       1.0Gi       204Mi       5.5Gi       5.9Gi
Swap:          8.0Gi       506Mi       7.5Gi
               total        used        free      shared  buff/cache   available
Mem:           125Gi       119Gi       1.0Gi       204Mi       5.5Gi       5.9Gi
Swap:          8.0Gi       506Mi       7.5Gi
               total        used        free      shared  buff/cache   available
Mem:           125Gi       119Gi       1.0Gi       204Mi       5.5Gi       5.9Gi
Swap:          8.0Gi       506Mi       7.5Gi
               total        used        free      shared  buff/cache   available
Mem:           125Gi       119Gi       1.0Gi       204Mi       5.5Gi       5.9Gi
Swap:          8.0Gi       506Mi       7.5Gi
               total        used        free      shared  buff/cache   available
Mem:           125Gi       119Gi       1.0Gi       204Mi       5.5Gi       5.9Gi
Swap:          8.0Gi       506Mi       7.5Gi
               total        used        free      shared  buff/cache   available
Mem:           125Gi       119Gi       1.1Gi       204Mi       5.5Gi       6.0Gi
Swap:          8.0Gi       506Mi       7.5Gi
               total        used        free      shared  buff/cache   available
Mem:           125Gi       119Gi       1.0Gi       204Mi       5.5Gi       5.9Gi
Swap:          8.0Gi       506Mi       7.5Gi
               total        used        free      shared  buff/cache   available
Mem:           125Gi       119Gi       1.0Gi       204Mi       5.5Gi       5.9Gi
Swap:          8.0Gi       506Mi       7.5Gi
               total        used        free      shared  buff/cache   available
Mem:           125Gi       119Gi       1.1Gi       204Mi       5.5Gi       6.0Gi
Swap:          8.0Gi       506Mi       7.5Gi
               total        used        free      shared  buff/cache   available
Mem:           125Gi       118Gi       1.3Gi       204Mi       5.5Gi       6.2Gi
Swap:          8.0Gi       506Mi       7.5Gi
               total        used        free      shared  buff/cache   available
Mem:           125Gi       118Gi       1.3Gi       204Mi       5.5Gi       6.2Gi
Swap:          8.0Gi       506Mi       7.5Gi
               total        used        free      shared  buff/cache   available
Mem:           125Gi       118Gi       1.3Gi       204Mi       5.5Gi       6.2Gi
Swap:          8.0Gi       506Mi       7.5Gi
               total        used        free      shared  buff/cache   available
Mem:           125Gi       118Gi       1.3Gi       204Mi       5.5Gi       6.2Gi
Swap:          8.0Gi       506Mi       7.5Gi
               total        used        free      shared  buff/cache   available
Mem:           125Gi       118Gi       1.3Gi       204Mi       5.5Gi       6.2Gi
Swap:          8.0Gi       506Mi       7.5Gi
               total        used        free      shared  buff/cache   available
Mem:           125Gi       118Gi       1.3Gi       204Mi       5.5Gi       6.2Gi
Swap:          8.0Gi       506Mi       7.5Gi
               total        used        free      shared  buff/cache   available
Mem:           125Gi       118Gi       1.3Gi       204Mi       5.5Gi       6.2Gi
Swap:          8.0Gi       506Mi       7.5Gi
               total        used        free      shared  buff/cache   available
Mem:           125Gi       118Gi       1.3Gi       204Mi       5.5Gi       6.3Gi
Swap:          8.0Gi       506Mi       7.5Gi
               total        used        free      shared  buff/cache   available
Mem:           125Gi       118Gi       1.3Gi       204Mi       5.5Gi       6.3Gi
Swap:          8.0Gi       506Mi       7.5Gi
               total        used        free      shared  buff/cache   available
Mem:           125Gi       118Gi       1.3Gi       204Mi       5.5Gi       6.2Gi
Swap:          8.0Gi       506Mi       7.5Gi
               total        used        free      shared  buff/cache   available
Mem:           125Gi       118Gi       1.3Gi       204Mi       5.5Gi       6.2Gi
Swap:          8.0Gi       506Mi       7.5Gi
               total        used        free      shared  buff/cache   available
Mem:           125Gi       118Gi       1.3Gi       204Mi       5.5Gi       6.2Gi
Swap:          8.0Gi       506Mi       7.5Gi
               total        used        free      shared  buff/cache   available
Mem:           125Gi       118Gi       1.3Gi       204Mi       5.5Gi       6.3Gi
Swap:          8.0Gi       506Mi       7.5Gi
               total        used        free      shared  buff/cache   available
Mem:           125Gi       118Gi       1.4Gi       204Mi       5.5Gi       6.3Gi
Swap:          8.0Gi       506Mi       7.5Gi
               total        used        free      shared  buff/cache   available
Mem:           125Gi       118Gi       1.3Gi       204Mi       5.5Gi       6.2Gi
Swap:          8.0Gi       506Mi       7.5Gi
               total        used        free      shared  buff/cache   available
Mem:           125Gi       118Gi       1.3Gi       204Mi       5.5Gi       6.3Gi
Swap:          8.0Gi       506Mi       7.5Gi
               total        used        free      shared  buff/cache   available
Mem:           125Gi       118Gi       1.3Gi       204Mi       5.5Gi       6.3Gi
Swap:          8.0Gi       506Mi       7.5Gi
               total        used        free      shared  buff/cache   available
Mem:           125Gi       118Gi       1.3Gi       204Mi       5.5Gi       6.2Gi
Swap:          8.0Gi       506Mi       7.5Gi
               total        used        free      shared  buff/cache   available
Mem:           125Gi       118Gi       1.3Gi       204Mi       5.5Gi       6.2Gi
Swap:          8.0Gi       506Mi       7.5Gi
               total        used        free      shared  buff/cache   available
Mem:           125Gi       118Gi       1.3Gi       204Mi       5.5Gi       6.2Gi
Swap:          8.0Gi       506Mi       7.5Gi
               total        used        free      shared  buff/cache   available
Mem:           125Gi       118Gi       1.3Gi       204Mi       5.5Gi       6.2Gi
Swap:          8.0Gi       506Mi       7.5Gi
               total        used        free      shared  buff/cache   available
Mem:           125Gi       118Gi       1.3Gi       204Mi       5.5Gi       6.2Gi
Swap:          8.0Gi       506Mi       7.5Gi
               total        used        free      shared  buff/cache   available
Mem:           125Gi       118Gi       1.3Gi       204Mi       5.5Gi       6.2Gi
Swap:          8.0Gi       506Mi       7.5Gi
               total        used        free      shared  buff/cache   available
Mem:           125Gi       118Gi       1.3Gi       204Mi       5.5Gi       6.2Gi
Swap:          8.0Gi       506Mi       7.5Gi
               total        used        free      shared  buff/cache   available
Mem:           125Gi       118Gi       1.3Gi       204Mi       5.5Gi       6.2Gi
Swap:          8.0Gi       506Mi       7.5Gi
               total        used        free      shared  buff/cache   available
Mem:           125Gi       118Gi       1.3Gi       204Mi       5.5Gi       6.2Gi
Swap:          8.0Gi       506Mi       7.5Gi
               total        used        free      shared  buff/cache   available
Mem:           125Gi       118Gi       1.3Gi       204Mi       5.5Gi       6.2Gi
Swap:          8.0Gi       506Mi       7.5Gi
               total        used        free      shared  buff/cache   available
Mem:           125Gi       118Gi       1.3Gi       204Mi       5.5Gi       6.2Gi
Swap:          8.0Gi       506Mi       7.5Gi
               total        used        free      shared  buff/cache   available
Mem:           125Gi       118Gi       1.4Gi       204Mi       5.5Gi       6.3Gi
Swap:          8.0Gi       506Mi       7.5Gi
               total        used        free      shared  buff/cache   available
Mem:           125Gi       118Gi       1.4Gi       204Mi       5.5Gi       6.3Gi
Swap:          8.0Gi       506Mi       7.5Gi
               total        used        free      shared  buff/cache   available
Mem:           125Gi       118Gi       1.4Gi       204Mi       5.5Gi       6.3Gi
Swap:          8.0Gi       506Mi       7.5Gi
               total        used        free      shared  buff/cache   available
Mem:           125Gi       118Gi       1.4Gi       204Mi       5.5Gi       6.3Gi
Swap:          8.0Gi       506Mi       7.5Gi
               total        used        free      shared  buff/cache   available
Mem:           125Gi       118Gi       1.3Gi       204Mi       5.5Gi       6.2Gi
Swap:          8.0Gi       506Mi       7.5Gi
               total        used        free      shared  buff/cache   available
Mem:           125Gi       118Gi       1.3Gi       204Mi       5.5Gi       6.2Gi
Swap:          8.0Gi       506Mi       7.5Gi
               total        used        free      shared  buff/cache   available
Mem:           125Gi       118Gi       1.3Gi       204Mi       5.5Gi       6.2Gi
Swap:          8.0Gi       506Mi       7.5Gi
               total        used        free      shared  buff/cache   available
Mem:           125Gi       118Gi       1.3Gi       204Mi       5.5Gi       6.2Gi
Swap:          8.0Gi       506Mi       7.5Gi
               total        used        free      shared  buff/cache   available
Mem:           125Gi       118Gi       1.2Gi       204Mi       5.5Gi       6.1Gi
Swap:          8.0Gi       506Mi       7.5Gi
               total        used        free      shared  buff/cache   available
Mem:           125Gi       119Gi       1.2Gi       204Mi       5.5Gi       6.1Gi
Swap:          8.0Gi       506Mi       7.5Gi
               total        used        free      shared  buff/cache   available
Mem:           125Gi       119Gi       1.1Gi       204Mi       5.5Gi       6.1Gi
Swap:          8.0Gi       506Mi       7.5Gi
               total        used        free      shared  buff/cache   available
Mem:           125Gi       119Gi       1.2Gi       204Mi       5.5Gi       6.1Gi
Swap:          8.0Gi       506Mi       7.5Gi
               total        used        free      shared  buff/cache   available
Mem:           125Gi       119Gi       1.2Gi       204Mi       5.5Gi       6.1Gi
Swap:          8.0Gi       506Mi       7.5Gi
               total        used        free      shared  buff/cache   available
Mem:           125Gi       119Gi       1.1Gi       204Mi       5.5Gi       6.1Gi
Swap:          8.0Gi       506Mi       7.5Gi
               total        used        free      shared  buff/cache   available
Mem:           125Gi       119Gi       1.1Gi       204Mi       5.5Gi       6.1Gi
Swap:          8.0Gi       506Mi       7.5Gi
               total        used        free      shared  buff/cache   available
Mem:           125Gi       119Gi       1.1Gi       204Mi       5.5Gi       6.0Gi
Swap:          8.0Gi       506Mi       7.5Gi
               total        used        free      shared  buff/cache   available
Mem:           125Gi       119Gi       1.1Gi       204Mi       5.5Gi       6.0Gi
Swap:          8.0Gi       506Mi       7.5Gi
               total        used        free      shared  buff/cache   available
Mem:           125Gi       119Gi       1.1Gi       204Mi       5.5Gi       6.0Gi
Swap:          8.0Gi       506Mi       7.5Gi
               total        used        free      shared  buff/cache   available
Mem:           125Gi       119Gi       1.2Gi       204Mi       5.5Gi       6.1Gi
Swap:          8.0Gi       506Mi       7.5Gi
               total        used        free      shared  buff/cache   available
Mem:           125Gi       119Gi       1.2Gi       204Mi       5.5Gi       6.1Gi
Swap:          8.0Gi       506Mi       7.5Gi
               total        used        free      shared  buff/cache   available
Mem:           125Gi       119Gi       1.2Gi       204Mi       5.5Gi       6.1Gi
Swap:          8.0Gi       506Mi       7.5Gi
               total        used        free      shared  buff/cache   available
Mem:           125Gi       119Gi       1.1Gi       204Mi       5.5Gi       6.0Gi
Swap:          8.0Gi       506Mi       7.5Gi
               total        used        free      shared  buff/cache   available
Mem:           125Gi       119Gi       1.1Gi       204Mi       5.5Gi       6.0Gi
Swap:          8.0Gi       506Mi       7.5Gi
               total        used        free      shared  buff/cache   available
Mem:           125Gi       119Gi       1.1Gi       204Mi       5.5Gi       6.0Gi
Swap:          8.0Gi       506Mi       7.5Gi
               total        used        free      shared  buff/cache   available
Mem:           125Gi       118Gi       1.3Gi       204Mi       5.5Gi       6.2Gi
Swap:          8.0Gi       506Mi       7.5Gi
               total        used        free      shared  buff/cache   available
Mem:           125Gi       118Gi       1.3Gi       204Mi       5.5Gi       6.2Gi
Swap:          8.0Gi       506Mi       7.5Gi
               total        used        free      shared  buff/cache   available
Mem:           125Gi       118Gi       1.3Gi       204Mi       5.5Gi       6.2Gi
Swap:          8.0Gi       506Mi       7.5Gi
               total        used        free      shared  buff/cache   available
Mem:           125Gi       118Gi       1.2Gi       204Mi       5.5Gi       6.1Gi
Swap:          8.0Gi       506Mi       7.5Gi
               total        used        free      shared  buff/cache   available
Mem:           125Gi       119Gi       1.1Gi       204Mi       5.5Gi       6.0Gi
Swap:          8.0Gi       506Mi       7.5Gi
               total        used        free      shared  buff/cache   available
Mem:           125Gi       119Gi       1.1Gi       204Mi       5.5Gi       6.0Gi
Swap:          8.0Gi       506Mi       7.5Gi
               total        used        free      shared  buff/cache   available
Mem:           125Gi       118Gi       1.4Gi       204Mi       5.5Gi       6.3Gi
Swap:          8.0Gi       506Mi       7.5Gi
               total        used        free      shared  buff/cache   available
Mem:           125Gi       118Gi       1.2Gi       204Mi       5.5Gi       6.1Gi
Swap:          8.0Gi       506Mi       7.5Gi
               total        used        free      shared  buff/cache   available
Mem:           125Gi       119Gi       1.1Gi       204Mi       5.5Gi       6.0Gi
Swap:          8.0Gi       506Mi       7.5Gi
               total        used        free      shared  buff/cache   available
Mem:           125Gi       119Gi       1.0Gi       204Mi       5.5Gi       5.9Gi
Swap:          8.0Gi       506Mi       7.5Gi
               total        used        free      shared  buff/cache   available
Mem:           125Gi       119Gi       1.0Gi       204Mi       5.5Gi       5.9Gi
Swap:          8.0Gi       506Mi       7.5Gi
               total        used        free      shared  buff/cache   available
Mem:           125Gi       118Gi       1.3Gi       204Mi       5.5Gi       6.2Gi
Swap:          8.0Gi       506Mi       7.5Gi
               total        used        free      shared  buff/cache   available
Mem:           125Gi       118Gi       1.3Gi       204Mi       5.5Gi       6.2Gi
Swap:          8.0Gi       506Mi       7.5Gi
               total        used        free      shared  buff/cache   available
Mem:           125Gi       118Gi       1.3Gi       204Mi       5.5Gi       6.2Gi
Swap:          8.0Gi       506Mi       7.5Gi
               total        used        free      shared  buff/cache   available
Mem:           125Gi       118Gi       1.2Gi       204Mi       5.5Gi       6.1Gi
Swap:          8.0Gi       506Mi       7.5Gi
               total        used        free      shared  buff/cache   available
Mem:           125Gi       118Gi       1.2Gi       204Mi       5.5Gi       6.1Gi
Swap:          8.0Gi       506Mi       7.5Gi
               total        used        free      shared  buff/cache   available
Mem:           125Gi       119Gi       1.1Gi       221Mi       5.5Gi       6.0Gi
Swap:          8.0Gi       506Mi       7.5Gi
               total        used        free      shared  buff/cache   available
Mem:           125Gi       119Gi       902Mi       219Mi       5.5Gi       5.8Gi
Swap:          8.0Gi       506Mi       7.5Gi
               total        used        free      shared  buff/cache   available
Mem:           125Gi       119Gi       958Mi       219Mi       5.5Gi       5.9Gi
Swap:          8.0Gi       506Mi       7.5Gi
               total        used        free      shared  buff/cache   available
Mem:           125Gi       119Gi       1.1Gi       220Mi       5.5Gi       6.0Gi
Swap:          8.0Gi       506Mi       7.5Gi
               total        used        free      shared  buff/cache   available
Mem:           125Gi       119Gi       1.1Gi       220Mi       5.5Gi       6.0Gi
Swap:          8.0Gi       506Mi       7.5Gi
               total        used        free      shared  buff/cache   available
Mem:           125Gi       119Gi       1.1Gi       220Mi       5.5Gi       6.0Gi
Swap:          8.0Gi       506Mi       7.5Gi
               total        used        free      shared  buff/cache   available
Mem:           125Gi       119Gi       1.0Gi       220Mi       5.5Gi       6.0Gi
Swap:          8.0Gi       506Mi       7.5Gi
               total        used        free      shared  buff/cache   available
Mem:           125Gi       119Gi       1.0Gi       220Mi       5.5Gi       6.0Gi
Swap:          8.0Gi       506Mi       7.5Gi
               total        used        free      shared  buff/cache   available
Mem:           125Gi       119Gi       1.1Gi       220Mi       5.5Gi       6.0Gi
Swap:          8.0Gi       506Mi       7.5Gi
               total        used        free      shared  buff/cache   available
Mem:           125Gi       119Gi       1.1Gi       220Mi       5.5Gi       6.0Gi
Swap:          8.0Gi       506Mi       7.5Gi
               total        used        free      shared  buff/cache   available
Mem:           125Gi       119Gi       1.0Gi       220Mi       5.5Gi       6.0Gi
Swap:          8.0Gi       506Mi       7.5Gi
               total        used        free      shared  buff/cache   available
Mem:           125Gi       119Gi       928Mi       220Mi       5.5Gi       5.9Gi
Swap:          8.0Gi       506Mi       7.5Gi
               total        used        free      shared  buff/cache   available
Mem:           125Gi       119Gi       874Mi       220Mi       5.5Gi       5.8Gi
Swap:          8.0Gi       506Mi       7.5Gi
               total        used        free      shared  buff/cache   available
Mem:           125Gi       119Gi       899Mi       220Mi       5.5Gi       5.8Gi
Swap:          8.0Gi       506Mi       7.5Gi
               total        used        free      shared  buff/cache   available
Mem:           125Gi       119Gi       895Mi       220Mi       5.5Gi       5.8Gi
Swap:          8.0Gi       506Mi       7.5Gi
               total        used        free      shared  buff/cache   available
Mem:           125Gi       119Gi       917Mi       220Mi       5.5Gi       5.9Gi
Swap:          8.0Gi       506Mi       7.5Gi
               total        used        free      shared  buff/cache   available
Mem:           125Gi       119Gi       914Mi       220Mi       5.5Gi       5.8Gi
Swap:          8.0Gi       506Mi       7.5Gi
               total        used        free      shared  buff/cache   available
Mem:           125Gi       119Gi       923Mi       220Mi       5.5Gi       5.9Gi
Swap:          8.0Gi       506Mi       7.5Gi
               total        used        free      shared  buff/cache   available
Mem:           125Gi       119Gi       934Mi       220Mi       5.5Gi       5.9Gi
Swap:          8.0Gi       506Mi       7.5Gi
               total        used        free      shared  buff/cache   available
Mem:           125Gi       118Gi       1.2Gi       220Mi       5.5Gi       6.1Gi
Swap:          8.0Gi       506Mi       7.5Gi
               total        used        free      shared  buff/cache   available
Mem:           125Gi       119Gi       1.1Gi       220Mi       5.5Gi       6.1Gi
Swap:          8.0Gi       506Mi       7.5Gi
               total        used        free      shared  buff/cache   available
Mem:           125Gi       119Gi       1.0Gi       220Mi       5.5Gi       6.0Gi
Swap:          8.0Gi       506Mi       7.5Gi
               total        used        free      shared  buff/cache   available
Mem:           125Gi       119Gi       958Mi       220Mi       5.5Gi       5.9Gi
Swap:          8.0Gi       506Mi       7.5Gi
               total        used        free      shared  buff/cache   available
Mem:           125Gi       119Gi       940Mi       220Mi       5.5Gi       5.9Gi
Swap:          8.0Gi       506Mi       7.5Gi
               total        used        free      shared  buff/cache   available
Mem:           125Gi       119Gi       1.1Gi       220Mi       5.5Gi       6.1Gi
Swap:          8.0Gi       506Mi       7.5Gi
               total        used        free      shared  buff/cache   available
Mem:           125Gi       119Gi       1.1Gi       220Mi       5.5Gi       6.0Gi
Swap:          8.0Gi       506Mi       7.5Gi
               total        used        free      shared  buff/cache   available
Mem:           125Gi       119Gi       990Mi       220Mi       5.5Gi       5.9Gi
Swap:          8.0Gi       506Mi       7.5Gi
               total        used        free      shared  buff/cache   available
Mem:           125Gi       119Gi       908Mi       220Mi       5.5Gi       5.8Gi
Swap:          8.0Gi       506Mi       7.5Gi
               total        used        free      shared  buff/cache   available
Mem:           125Gi       119Gi       907Mi       220Mi       5.5Gi       5.8Gi
Swap:          8.0Gi       506Mi       7.5Gi
               total        used        free      shared  buff/cache   available
Mem:           125Gi       119Gi       906Mi       220Mi       5.5Gi       5.8Gi
Swap:          8.0Gi       506Mi       7.5Gi
               total        used        free      shared  buff/cache   available
Mem:           125Gi       119Gi       878Mi       220Mi       5.5Gi       5.8Gi
Swap:          8.0Gi       506Mi       7.5Gi
               total        used        free      shared  buff/cache   available
Mem:           125Gi       119Gi       846Mi       220Mi       5.5Gi       5.8Gi
Swap:          8.0Gi       506Mi       7.5Gi
               total        used        free      shared  buff/cache   available
Mem:           125Gi       119Gi       855Mi       220Mi       5.5Gi       5.8Gi
Swap:          8.0Gi       506Mi       7.5Gi
               total        used        free      shared  buff/cache   available
Mem:           125Gi       119Gi       857Mi       220Mi       5.5Gi       5.8Gi
Swap:          8.0Gi       506Mi       7.5Gi
               total        used        free      shared  buff/cache   available
Mem:           125Gi       119Gi       841Mi       220Mi       5.5Gi       5.8Gi
Swap:          8.0Gi       506Mi       7.5Gi
               total        used        free      shared  buff/cache   available
Mem:           125Gi       119Gi       852Mi       220Mi       5.5Gi       5.8Gi
Swap:          8.0Gi       506Mi       7.5Gi
               total        used        free      shared  buff/cache   available
Mem:           125Gi       119Gi       856Mi       220Mi       5.5Gi       5.8Gi
Swap:          8.0Gi       506Mi       7.5Gi
               total        used        free      shared  buff/cache   available
Mem:           125Gi       119Gi       855Mi       220Mi       5.5Gi       5.8Gi
Swap:          8.0Gi       506Mi       7.5Gi
               total        used        free      shared  buff/cache   available
Mem:           125Gi       119Gi       861Mi       220Mi       5.5Gi       5.8Gi
Swap:          8.0Gi       506Mi       7.5Gi
               total        used        free      shared  buff/cache   available
Mem:           125Gi       119Gi       860Mi       220Mi       5.5Gi       5.8Gi
Swap:          8.0Gi       506Mi       7.5Gi
               total        used        free      shared  buff/cache   available
Mem:           125Gi       119Gi       845Mi       220Mi       5.5Gi       5.8Gi
Swap:          8.0Gi       506Mi       7.5Gi
               total        used        free      shared  buff/cache   available
Mem:           125Gi       119Gi       835Mi       220Mi       5.5Gi       5.8Gi
Swap:          8.0Gi       506Mi       7.5Gi
               total        used        free      shared  buff/cache   available
Mem:           125Gi       119Gi       837Mi       220Mi       5.5Gi       5.8Gi
Swap:          8.0Gi       506Mi       7.5Gi
               total        used        free      shared  buff/cache   available
Mem:           125Gi       119Gi       837Mi       220Mi       5.5Gi       5.8Gi
Swap:          8.0Gi       506Mi       7.5Gi
               total        used        free      shared  buff/cache   available
Mem:           125Gi       119Gi       846Mi       220Mi       5.5Gi       5.8Gi
Swap:          8.0Gi       506Mi       7.5Gi
               total        used        free      shared  buff/cache   available
Mem:           125Gi       119Gi       838Mi       220Mi       5.5Gi       5.8Gi
Swap:          8.0Gi       506Mi       7.5Gi
               total        used        free      shared  buff/cache   available
Mem:           125Gi       119Gi       838Mi       220Mi       5.5Gi       5.8Gi
Swap:          8.0Gi       506Mi       7.5Gi
               total        used        free      shared  buff/cache   available
Mem:           125Gi       119Gi       1.1Gi       220Mi       5.5Gi       6.0Gi
Swap:          8.0Gi       506Mi       7.5Gi
               total        used        free      shared  buff/cache   available
Mem:           125Gi       118Gi       1.1Gi       220Mi       5.5Gi       6.1Gi
Swap:          8.0Gi       506Mi       7.5Gi
               total        used        free      shared  buff/cache   available
Mem:           125Gi       118Gi       1.2Gi       220Mi       5.5Gi       6.1Gi
Swap:          8.0Gi       506Mi       7.5Gi
               total        used        free      shared  buff/cache   available
Mem:           125Gi       119Gi       1.1Gi       220Mi       5.5Gi       6.0Gi
Swap:          8.0Gi       506Mi       7.5Gi
               total        used        free      shared  buff/cache   available
Mem:           125Gi       119Gi       1.0Gi       220Mi       5.5Gi       6.0Gi
Swap:          8.0Gi       506Mi       7.5Gi
               total        used        free      shared  buff/cache   available
Mem:           125Gi       119Gi       1.0Gi       220Mi       5.5Gi       6.0Gi
Swap:          8.0Gi       506Mi       7.5Gi
               total        used        free      shared  buff/cache   available
Mem:           125Gi       119Gi       963Mi       220Mi       5.5Gi       5.9Gi
Swap:          8.0Gi       506Mi       7.5Gi
               total        used        free      shared  buff/cache   available
Mem:           125Gi       119Gi       964Mi       220Mi       5.5Gi       5.9Gi
Swap:          8.0Gi       506Mi       7.5Gi
               total        used        free      shared  buff/cache   available
Mem:           125Gi       119Gi       971Mi       220Mi       5.5Gi       5.9Gi
Swap:          8.0Gi       506Mi       7.5Gi
               total        used        free      shared  buff/cache   available
Mem:           125Gi       119Gi       972Mi       220Mi       5.5Gi       5.9Gi
Swap:          8.0Gi       506Mi       7.5Gi
               total        used        free      shared  buff/cache   available
Mem:           125Gi       119Gi       978Mi       220Mi       5.5Gi       5.9Gi
Swap:          8.0Gi       506Mi       7.5Gi
               total        used        free      shared  buff/cache   available
Mem:           125Gi       119Gi       946Mi       220Mi       5.5Gi       5.9Gi
Swap:          8.0Gi       506Mi       7.5Gi
               total        used        free      shared  buff/cache   available
Mem:           125Gi       119Gi       957Mi       220Mi       5.5Gi       5.9Gi
Swap:          8.0Gi       506Mi       7.5Gi
               total        used        free      shared  buff/cache   available
Mem:           125Gi       118Gi       1.2Gi       220Mi       5.5Gi       6.1Gi
Swap:          8.0Gi       506Mi       7.5Gi
               total        used        free      shared  buff/cache   available
Mem:           125Gi       119Gi       1.1Gi       220Mi       5.5Gi       6.1Gi
Swap:          8.0Gi       506Mi       7.5Gi
               total        used        free      shared  buff/cache   available
Mem:           125Gi       119Gi       1.1Gi       220Mi       5.5Gi       6.0Gi
Swap:          8.0Gi       506Mi       7.5Gi
               total        used        free      shared  buff/cache   available
Mem:           125Gi       119Gi       984Mi       220Mi       5.5Gi       5.9Gi
Swap:          8.0Gi       506Mi       7.5Gi
               total        used        free      shared  buff/cache   available
Mem:           125Gi       119Gi       939Mi       220Mi       5.5Gi       5.9Gi
Swap:          8.0Gi       506Mi       7.5Gi
               total        used        free      shared  buff/cache   available
Mem:           125Gi       119Gi       935Mi       220Mi       5.5Gi       5.9Gi
Swap:          8.0Gi       506Mi       7.5Gi
               total        used        free      shared  buff/cache   available
Mem:           125Gi       119Gi       929Mi       220Mi       5.5Gi       5.9Gi
Swap:          8.0Gi       506Mi       7.5Gi
               total        used        free      shared  buff/cache   available
Mem:           125Gi       119Gi       931Mi       220Mi       5.5Gi       5.9Gi
Swap:          8.0Gi       506Mi       7.5Gi
               total        used        free      shared  buff/cache   available
Mem:           125Gi       119Gi       894Mi       220Mi       5.5Gi       5.8Gi
Swap:          8.0Gi       506Mi       7.5Gi
               total        used        free      shared  buff/cache   available
Mem:           125Gi       119Gi       899Mi       220Mi       5.5Gi       5.8Gi
Swap:          8.0Gi       506Mi       7.5Gi
               total        used        free      shared  buff/cache   available
Mem:           125Gi       119Gi       909Mi       220Mi       5.5Gi       5.9Gi
Swap:          8.0Gi       506Mi       7.5Gi
               total        used        free      shared  buff/cache   available
Mem:           125Gi       119Gi       923Mi       220Mi       5.5Gi       5.9Gi
Swap:          8.0Gi       506Mi       7.5Gi
               total        used        free      shared  buff/cache   available
Mem:           125Gi       119Gi       916Mi       220Mi       5.5Gi       5.9Gi
Swap:          8.0Gi       506Mi       7.5Gi
               total        used        free      shared  buff/cache   available
Mem:           125Gi       119Gi       918Mi       220Mi       5.5Gi       5.9Gi
Swap:          8.0Gi       506Mi       7.5Gi
               total        used        free      shared  buff/cache   available
Mem:           125Gi       119Gi       873Mi       220Mi       5.5Gi       5.8Gi
Swap:          8.0Gi       506Mi       7.5Gi
               total        used        free      shared  buff/cache   available
Mem:           125Gi       119Gi       888Mi       220Mi       5.5Gi       5.8Gi
Swap:          8.0Gi       506Mi       7.5Gi
               total        used        free      shared  buff/cache   available
Mem:           125Gi       119Gi       867Mi       220Mi       5.5Gi       5.8Gi
Swap:          8.0Gi       506Mi       7.5Gi
               total        used        free      shared  buff/cache   available
Mem:           125Gi       119Gi       876Mi       220Mi       5.5Gi       5.8Gi
Swap:          8.0Gi       506Mi       7.5Gi
               total        used        free      shared  buff/cache   available
Mem:           125Gi       119Gi       858Mi       220Mi       5.5Gi       5.8Gi
Swap:          8.0Gi       506Mi       7.5Gi
               total        used        free      shared  buff/cache   available
Mem:           125Gi       119Gi       850Mi       220Mi       5.5Gi       5.8Gi
Swap:          8.0Gi       506Mi       7.5Gi
               total        used        free      shared  buff/cache   available
Mem:           125Gi       119Gi       834Mi       220Mi       5.5Gi       5.8Gi
Swap:          8.0Gi       506Mi       7.5Gi
               total        used        free      shared  buff/cache   available
Mem:           125Gi       119Gi       847Mi       220Mi       5.5Gi       5.8Gi
Swap:          8.0Gi       506Mi       7.5Gi
               total        used        free      shared  buff/cache   available
Mem:           125Gi       119Gi       837Mi       220Mi       5.5Gi       5.8Gi
Swap:          8.0Gi       506Mi       7.5Gi
               total        used        free      shared  buff/cache   available
Mem:           125Gi       119Gi       854Mi       220Mi       5.5Gi       5.8Gi
Swap:          8.0Gi       506Mi       7.5Gi
               total        used        free      shared  buff/cache   available
Mem:           125Gi       119Gi       871Mi       220Mi       5.5Gi       5.8Gi
Swap:          8.0Gi       506Mi       7.5Gi
               total        used        free      shared  buff/cache   available
Mem:           125Gi       119Gi       878Mi       220Mi       5.5Gi       5.8Gi
Swap:          8.0Gi       506Mi       7.5Gi
               total        used        free      shared  buff/cache   available
Mem:           125Gi       119Gi       866Mi       220Mi       5.5Gi       5.8Gi
Swap:          8.0Gi       506Mi       7.5Gi
               total        used        free      shared  buff/cache   available
Mem:           125Gi       119Gi       877Mi       220Mi       5.5Gi       5.8Gi
Swap:          8.0Gi       506Mi       7.5Gi
               total        used        free      shared  buff/cache   available
Mem:           125Gi       119Gi       1.1Gi       220Mi       5.5Gi       6.0Gi
Swap:          8.0Gi       506Mi       7.5Gi
               total        used        free      shared  buff/cache   available
Mem:           125Gi       119Gi       1.0Gi       220Mi       5.5Gi       6.0Gi
Swap:          8.0Gi       506Mi       7.5Gi
               total        used        free      shared  buff/cache   available
Mem:           125Gi       119Gi       1.0Gi       220Mi       5.5Gi       5.9Gi
Swap:          8.0Gi       506Mi       7.5Gi
               total        used        free      shared  buff/cache   available
Mem:           125Gi       119Gi       908Mi       220Mi       5.5Gi       5.9Gi
Swap:          8.0Gi       506Mi       7.5Gi
               total        used        free      shared  buff/cache   available
Mem:           125Gi       119Gi       830Mi       220Mi       5.5Gi       5.8Gi
Swap:          8.0Gi       506Mi       7.5Gi
               total        used        free      shared  buff/cache   available
Mem:           125Gi       119Gi       834Mi       220Mi       5.5Gi       5.8Gi
Swap:          8.0Gi       506Mi       7.5Gi
               total        used        free      shared  buff/cache   available
Mem:           125Gi       119Gi       838Mi       220Mi       5.5Gi       5.8Gi
Swap:          8.0Gi       506Mi       7.5Gi
               total        used        free      shared  buff/cache   available
Mem:           125Gi       119Gi       825Mi       220Mi       5.5Gi       5.8Gi
Swap:          8.0Gi       506Mi       7.5Gi
               total        used        free      shared  buff/cache   available
Mem:           125Gi       119Gi       823Mi       220Mi       5.5Gi       5.8Gi
Swap:          8.0Gi       506Mi       7.5Gi
               total        used        free      shared  buff/cache   available
Mem:           125Gi       119Gi       834Mi       220Mi       5.5Gi       5.8Gi
Swap:          8.0Gi       506Mi       7.5Gi
               total        used        free      shared  buff/cache   available
Mem:           125Gi       119Gi       772Mi       220Mi       5.5Gi       5.7Gi
Swap:          8.0Gi       506Mi       7.5Gi
               total        used        free      shared  buff/cache   available
Mem:           125Gi       119Gi       771Mi       220Mi       5.5Gi       5.7Gi
Swap:          8.0Gi       506Mi       7.5Gi
               total        used        free      shared  buff/cache   available
Mem:           125Gi       119Gi       767Mi       220Mi       5.5Gi       5.7Gi
Swap:          8.0Gi       506Mi       7.5Gi
               total        used        free      shared  buff/cache   available
Mem:           125Gi       119Gi       769Mi       220Mi       5.5Gi       5.7Gi
Swap:          8.0Gi       506Mi       7.5Gi
               total        used        free      shared  buff/cache   available
Mem:           125Gi       119Gi       771Mi       220Mi       5.5Gi       5.7Gi
Swap:          8.0Gi       506Mi       7.5Gi
               total        used        free      shared  buff/cache   available
Mem:           125Gi       119Gi       780Mi       220Mi       5.5Gi       5.7Gi
Swap:          8.0Gi       506Mi       7.5Gi
               total        used        free      shared  buff/cache   available
Mem:           125Gi       119Gi       775Mi       220Mi       5.5Gi       5.7Gi
Swap:          8.0Gi       506Mi       7.5Gi
               total        used        free      shared  buff/cache   available
Mem:           125Gi       119Gi       785Mi       220Mi       5.5Gi       5.7Gi
Swap:          8.0Gi       506Mi       7.5Gi
               total        used        free      shared  buff/cache   available
Mem:           125Gi       119Gi       779Mi       220Mi       5.5Gi       5.7Gi
Swap:          8.0Gi       506Mi       7.5Gi
               total        used        free      shared  buff/cache   available
Mem:           125Gi       119Gi       786Mi       220Mi       5.5Gi       5.7Gi
Swap:          8.0Gi       506Mi       7.5Gi
               total        used        free      shared  buff/cache   available
Mem:           125Gi       119Gi       786Mi       220Mi       5.5Gi       5.7Gi
Swap:          8.0Gi       506Mi       7.5Gi
               total        used        free      shared  buff/cache   available
Mem:           125Gi       119Gi       789Mi       220Mi       5.5Gi       5.7Gi
Swap:          8.0Gi       506Mi       7.5Gi
               total        used        free      shared  buff/cache   available
Mem:           125Gi       119Gi       783Mi       220Mi       5.5Gi       5.7Gi
Swap:          8.0Gi       505Mi       7.5Gi
               total        used        free      shared  buff/cache   available
Mem:           125Gi       119Gi       1.1Gi       220Mi       5.2Gi       5.7Gi
Swap:          8.0Gi       514Mi       7.5Gi
               total        used        free      shared  buff/cache   available
Mem:           125Gi       119Gi       1.1Gi       220Mi       5.2Gi       5.7Gi
Swap:          8.0Gi       514Mi       7.5Gi
               total        used        free      shared  buff/cache   available
Mem:           125Gi       119Gi       1.1Gi       220Mi       5.2Gi       5.7Gi
Swap:          8.0Gi       514Mi       7.5Gi
               total        used        free      shared  buff/cache   available
Mem:           125Gi       119Gi       1.1Gi       220Mi       5.2Gi       5.7Gi
Swap:          8.0Gi       514Mi       7.5Gi
               total        used        free      shared  buff/cache   available
Mem:           125Gi       119Gi       1.1Gi       220Mi       5.2Gi       5.7Gi
Swap:          8.0Gi       514Mi       7.5Gi
               total        used        free      shared  buff/cache   available
Mem:           125Gi       119Gi       1.1Gi       220Mi       5.2Gi       5.7Gi
Swap:          8.0Gi       514Mi       7.5Gi
               total        used        free      shared  buff/cache   available
Mem:           125Gi       119Gi       1.1Gi       220Mi       5.2Gi       5.7Gi
Swap:          8.0Gi       514Mi       7.5Gi
               total        used        free      shared  buff/cache   available
Mem:           125Gi       119Gi       1.1Gi       220Mi       5.2Gi       5.7Gi
Swap:          8.0Gi       514Mi       7.5Gi
               total        used        free      shared  buff/cache   available
Mem:           125Gi       119Gi       1.1Gi       220Mi       5.2Gi       5.7Gi
Swap:          8.0Gi       514Mi       7.5Gi
               total        used        free      shared  buff/cache   available
Mem:           125Gi       119Gi       1.1Gi       220Mi       5.2Gi       5.7Gi
Swap:          8.0Gi       514Mi       7.5Gi
               total        used        free      shared  buff/cache   available
Mem:           125Gi       119Gi       1.1Gi       220Mi       5.2Gi       5.7Gi
Swap:          8.0Gi       514Mi       7.5Gi
               total        used        free      shared  buff/cache   available
Mem:           125Gi       119Gi       1.1Gi       220Mi       5.2Gi       5.7Gi
Swap:          8.0Gi       514Mi       7.5Gi
               total        used        free      shared  buff/cache   available
Mem:           125Gi       119Gi       1.1Gi       220Mi       5.2Gi       5.7Gi
Swap:          8.0Gi       514Mi       7.5Gi
               total        used        free      shared  buff/cache   available
Mem:           125Gi       119Gi       1.1Gi       220Mi       5.2Gi       5.7Gi
Swap:          8.0Gi       514Mi       7.5Gi
               total        used        free      shared  buff/cache   available
Mem:           125Gi       119Gi       1.1Gi       220Mi       5.2Gi       5.7Gi
Swap:          8.0Gi       514Mi       7.5Gi
               total        used        free      shared  buff/cache   available
Mem:           125Gi       119Gi       1.0Gi       220Mi       5.2Gi       5.7Gi
Swap:          8.0Gi       514Mi       7.5Gi
               total        used        free      shared  buff/cache   available
Mem:           125Gi       119Gi       1.0Gi       220Mi       5.2Gi       5.7Gi
Swap:          8.0Gi       514Mi       7.5Gi
               total        used        free      shared  buff/cache   available
Mem:           125Gi       119Gi       1.0Gi       220Mi       5.2Gi       5.7Gi
Swap:          8.0Gi       514Mi       7.5Gi
               total        used        free      shared  buff/cache   available
Mem:           125Gi       119Gi       1.0Gi       220Mi       5.2Gi       5.7Gi
Swap:          8.0Gi       514Mi       7.5Gi
               total        used        free      shared  buff/cache   available
Mem:           125Gi       119Gi       1.0Gi       220Mi       5.2Gi       5.7Gi
Swap:          8.0Gi       514Mi       7.5Gi
               total        used        free      shared  buff/cache   available
Mem:           125Gi       119Gi       1.0Gi       220Mi       5.2Gi       5.7Gi
Swap:          8.0Gi       514Mi       7.5Gi
               total        used        free      shared  buff/cache   available
Mem:           125Gi       119Gi       1.0Gi       220Mi       5.2Gi       5.7Gi
Swap:          8.0Gi       514Mi       7.5Gi
               total        used        free      shared  buff/cache   available
Mem:           125Gi       119Gi       1.0Gi       220Mi       5.2Gi       5.7Gi
Swap:          8.0Gi       514Mi       7.5Gi
               total        used        free      shared  buff/cache   available
Mem:           125Gi       119Gi       1.0Gi       220Mi       5.2Gi       5.7Gi
Swap:          8.0Gi       514Mi       7.5Gi
               total        used        free      shared  buff/cache   available
Mem:           125Gi       119Gi       1.0Gi       220Mi       5.2Gi       5.7Gi
Swap:          8.0Gi       514Mi       7.5Gi
               total        used        free      shared  buff/cache   available
Mem:           125Gi       119Gi       1.0Gi       220Mi       5.2Gi       5.6Gi
Swap:          8.0Gi       514Mi       7.5Gi
               total        used        free      shared  buff/cache   available
Mem:           125Gi       119Gi       1.0Gi       220Mi       5.2Gi       5.6Gi
Swap:          8.0Gi       514Mi       7.5Gi
               total        used        free      shared  buff/cache   available
Mem:           125Gi       119Gi       1.0Gi       220Mi       5.2Gi       5.6Gi
Swap:          8.0Gi       514Mi       7.5Gi
               total        used        free      shared  buff/cache   available
Mem:           125Gi       119Gi       1.0Gi       220Mi       5.2Gi       5.6Gi
Swap:          8.0Gi       514Mi       7.5Gi
               total        used        free      shared  buff/cache   available
Mem:           125Gi       119Gi       1.0Gi       220Mi       5.2Gi       5.6Gi
Swap:          8.0Gi       514Mi       7.5Gi
               total        used        free      shared  buff/cache   available
Mem:           125Gi       119Gi       1.0Gi       220Mi       5.2Gi       5.6Gi
Swap:          8.0Gi       514Mi       7.5Gi
               total        used        free      shared  buff/cache   available
Mem:           125Gi       119Gi       1.0Gi       220Mi       5.2Gi       5.7Gi
Swap:          8.0Gi       514Mi       7.5Gi
               total        used        free      shared  buff/cache   available
Mem:           125Gi       119Gi       1.0Gi       220Mi       5.2Gi       5.7Gi
Swap:          8.0Gi       514Mi       7.5Gi
               total        used        free      shared  buff/cache   available
Mem:           125Gi       119Gi       1.0Gi       220Mi       5.2Gi       5.7Gi
Swap:          8.0Gi       514Mi       7.5Gi
               total        used        free      shared  buff/cache   available
Mem:           125Gi       119Gi       1.0Gi       220Mi       5.2Gi       5.7Gi
Swap:          8.0Gi       514Mi       7.5Gi
               total        used        free      shared  buff/cache   available
Mem:           125Gi       119Gi       1.0Gi       220Mi       5.2Gi       5.7Gi
Swap:          8.0Gi       514Mi       7.5Gi
               total        used        free      shared  buff/cache   available
Mem:           125Gi       119Gi       1.0Gi       220Mi       5.2Gi       5.7Gi
Swap:          8.0Gi       514Mi       7.5Gi
               total        used        free      shared  buff/cache   available
Mem:           125Gi       119Gi       1.0Gi       220Mi       5.2Gi       5.7Gi
Swap:          8.0Gi       514Mi       7.5Gi
               total        used        free      shared  buff/cache   available
Mem:           125Gi       119Gi       1.0Gi       220Mi       5.2Gi       5.7Gi
Swap:          8.0Gi       514Mi       7.5Gi
               total        used        free      shared  buff/cache   available
Mem:           125Gi       119Gi       1.0Gi       220Mi       5.2Gi       5.6Gi
Swap:          8.0Gi       514Mi       7.5Gi
               total        used        free      shared  buff/cache   available
Mem:           125Gi       119Gi       1.0Gi       220Mi       4.9Gi       5.3Gi
Swap:          8.0Gi       521Mi       7.5Gi
               total        used        free      shared  buff/cache   available
Mem:           125Gi       119Gi       1.0Gi       220Mi       4.9Gi       5.3Gi
Swap:          8.0Gi       521Mi       7.5Gi
               total        used        free      shared  buff/cache   available
Mem:           125Gi       119Gi       1.0Gi       220Mi       4.9Gi       5.3Gi
Swap:          8.0Gi       521Mi       7.5Gi
               total        used        free      shared  buff/cache   available
Mem:           125Gi       119Gi       1.0Gi       220Mi       4.9Gi       5.3Gi
Swap:          8.0Gi       521Mi       7.5Gi
               total        used        free      shared  buff/cache   available
Mem:           125Gi       119Gi       1.0Gi       220Mi       4.9Gi       5.3Gi
Swap:          8.0Gi       521Mi       7.5Gi
               total        used        free      shared  buff/cache   available
Mem:           125Gi       119Gi       1.1Gi       220Mi       4.9Gi       5.4Gi
Swap:          8.0Gi       521Mi       7.5Gi
               total        used        free      shared  buff/cache   available
Mem:           125Gi       119Gi       1.1Gi       220Mi       4.9Gi       5.4Gi
Swap:          8.0Gi       521Mi       7.5Gi
               total        used        free      shared  buff/cache   available
Mem:           125Gi       119Gi       1.0Gi       220Mi       4.9Gi       5.3Gi
Swap:          8.0Gi       521Mi       7.5Gi
               total        used        free      shared  buff/cache   available
Mem:           125Gi       119Gi       1.1Gi       220Mi       4.9Gi       5.4Gi
Swap:          8.0Gi       521Mi       7.5Gi
               total        used        free      shared  buff/cache   available
Mem:           125Gi       119Gi       1.1Gi       220Mi       4.9Gi       5.4Gi
Swap:          8.0Gi       521Mi       7.5Gi
               total        used        free      shared  buff/cache   available
Mem:           125Gi       119Gi       1.0Gi       220Mi       4.9Gi       5.3Gi
Swap:          8.0Gi       521Mi       7.5Gi
               total        used        free      shared  buff/cache   available
Mem:           125Gi       119Gi       1.0Gi       220Mi       4.9Gi       5.3Gi
Swap:          8.0Gi       521Mi       7.5Gi
               total        used        free      shared  buff/cache   available
Mem:           125Gi       119Gi       1.1Gi       220Mi       4.9Gi       5.4Gi
Swap:          8.0Gi       521Mi       7.5Gi
               total        used        free      shared  buff/cache   available
Mem:           125Gi       119Gi       1.1Gi       220Mi       4.9Gi       5.4Gi
Swap:          8.0Gi       521Mi       7.5Gi
               total        used        free      shared  buff/cache   available
Mem:           125Gi       119Gi       1.1Gi       220Mi       4.9Gi       5.4Gi
Swap:          8.0Gi       521Mi       7.5Gi
               total        used        free      shared  buff/cache   available
Mem:           125Gi       119Gi       1.1Gi       220Mi       4.9Gi       5.4Gi
Swap:          8.0Gi       521Mi       7.5Gi
               total        used        free      shared  buff/cache   available
Mem:           125Gi       119Gi       1.1Gi       220Mi       4.9Gi       5.4Gi
Swap:          8.0Gi       521Mi       7.5Gi
               total        used        free      shared  buff/cache   available
Mem:           125Gi       119Gi       1.1Gi       220Mi       4.9Gi       5.4Gi
Swap:          8.0Gi       521Mi       7.5Gi
               total        used        free      shared  buff/cache   available
Mem:           125Gi       119Gi       1.1Gi       220Mi       4.9Gi       5.4Gi
Swap:          8.0Gi       521Mi       7.5Gi
               total        used        free      shared  buff/cache   available
Mem:           125Gi       119Gi       1.1Gi       220Mi       4.9Gi       5.3Gi
Swap:          8.0Gi       521Mi       7.5Gi
               total        used        free      shared  buff/cache   available
Mem:           125Gi       119Gi       1.0Gi       220Mi       4.9Gi       5.3Gi
Swap:          8.0Gi       521Mi       7.5Gi
               total        used        free      shared  buff/cache   available
Mem:           125Gi       119Gi       1.0Gi       220Mi       4.9Gi       5.3Gi
Swap:          8.0Gi       521Mi       7.5Gi
               total        used        free      shared  buff/cache   available
Mem:           125Gi       119Gi       1.0Gi       220Mi       4.9Gi       5.3Gi
Swap:          8.0Gi       521Mi       7.5Gi
               total        used        free      shared  buff/cache   available
Mem:           125Gi       119Gi       1.0Gi       220Mi       4.9Gi       5.3Gi
Swap:          8.0Gi       521Mi       7.5Gi
               total        used        free      shared  buff/cache   available
Mem:           125Gi       119Gi       1.0Gi       220Mi       4.9Gi       5.3Gi
Swap:          8.0Gi       521Mi       7.5Gi
               total        used        free      shared  buff/cache   available
Mem:           125Gi       119Gi       1.0Gi       220Mi       4.9Gi       5.3Gi
Swap:          8.0Gi       521Mi       7.5Gi
               total        used        free      shared  buff/cache   available
Mem:           125Gi       119Gi       1.0Gi       220Mi       4.9Gi       5.3Gi
Swap:          8.0Gi       521Mi       7.5Gi
               total        used        free      shared  buff/cache   available
Mem:           125Gi       119Gi       1.0Gi       220Mi       4.9Gi       5.3Gi
Swap:          8.0Gi       521Mi       7.5Gi
               total        used        free      shared  buff/cache   available
Mem:           125Gi       119Gi       1.0Gi       220Mi       4.9Gi       5.3Gi
Swap:          8.0Gi       521Mi       7.5Gi
               total        used        free      shared  buff/cache   available
Mem:           125Gi       119Gi       1.3Gi       220Mi       4.9Gi       5.6Gi
Swap:          8.0Gi       521Mi       7.5Gi
               total        used        free      shared  buff/cache   available
Mem:           125Gi       119Gi       1.3Gi       220Mi       4.9Gi       5.6Gi
Swap:          8.0Gi       521Mi       7.5Gi
               total        used        free      shared  buff/cache   available
Mem:           125Gi       119Gi       1.4Gi       220Mi       4.9Gi       5.7Gi
Swap:          8.0Gi       521Mi       7.5Gi
               total        used        free      shared  buff/cache   available
Mem:           125Gi       119Gi       1.4Gi       220Mi       4.9Gi       5.7Gi
Swap:          8.0Gi       521Mi       7.5Gi
               total        used        free      shared  buff/cache   available
Mem:           125Gi       119Gi       1.3Gi       220Mi       4.9Gi       5.6Gi
Swap:          8.0Gi       521Mi       7.5Gi
               total        used        free      shared  buff/cache   available
Mem:           125Gi       119Gi       1.3Gi       220Mi       4.9Gi       5.6Gi
Swap:          8.0Gi       521Mi       7.5Gi
               total        used        free      shared  buff/cache   available
Mem:           125Gi       119Gi       1.3Gi       220Mi       4.9Gi       5.6Gi
Swap:          8.0Gi       521Mi       7.5Gi
               total        used        free      shared  buff/cache   available
Mem:           125Gi       119Gi       1.4Gi       220Mi       4.9Gi       5.7Gi
Swap:          8.0Gi       521Mi       7.5Gi
               total        used        free      shared  buff/cache   available
Mem:           125Gi       119Gi       1.3Gi       220Mi       4.9Gi       5.6Gi
Swap:          8.0Gi       521Mi       7.5Gi
               total        used        free      shared  buff/cache   available
Mem:           125Gi       119Gi       1.3Gi       220Mi       4.9Gi       5.6Gi
Swap:          8.0Gi       521Mi       7.5Gi
               total        used        free      shared  buff/cache   available
Mem:           125Gi       119Gi       897Mi       242Mi       4.9Gi       5.2Gi
Swap:          8.0Gi       521Mi       7.5Gi
               total        used        free      shared  buff/cache   available
Mem:           125Gi       119Gi       911Mi       242Mi       4.9Gi       5.2Gi
Swap:          8.0Gi       521Mi       7.5Gi
               total        used        free      shared  buff/cache   available
Mem:           125Gi       119Gi       1.0Gi       251Mi       4.9Gi       5.3Gi
Swap:          8.0Gi       521Mi       7.5Gi
               total        used        free      shared  buff/cache   available
Mem:           125Gi       120Gi       956Mi       252Mi       4.6Gi       4.9Gi
Swap:          8.0Gi       520Mi       7.5Gi
               total        used        free      shared  buff/cache   available
Mem:           125Gi       119Gi       1.6Gi       251Mi       4.6Gi       5.6Gi
Swap:          8.0Gi       520Mi       7.5Gi
               total        used        free      shared  buff/cache   available
Mem:           125Gi       119Gi       1.5Gi       251Mi       4.6Gi       5.5Gi
Swap:          8.0Gi       520Mi       7.5Gi
               total        used        free      shared  buff/cache   available
Mem:           125Gi       119Gi       1.6Gi       251Mi       4.6Gi       5.6Gi
Swap:          8.0Gi       520Mi       7.5Gi
               total        used        free      shared  buff/cache   available
Mem:           125Gi       119Gi       1.6Gi       251Mi       4.6Gi       5.6Gi
Swap:          8.0Gi       520Mi       7.5Gi
               total        used        free      shared  buff/cache   available
Mem:           125Gi       119Gi       1.5Gi       251Mi       4.6Gi       5.5Gi
Swap:          8.0Gi       520Mi       7.5Gi
               total        used        free      shared  buff/cache   available
Mem:           125Gi       119Gi       1.5Gi       251Mi       4.6Gi       5.5Gi
Swap:          8.0Gi       520Mi       7.5Gi
               total        used        free      shared  buff/cache   available
Mem:           125Gi       119Gi       1.5Gi       251Mi       4.6Gi       5.5Gi
Swap:          8.0Gi       520Mi       7.5Gi
               total        used        free      shared  buff/cache   available
Mem:           125Gi       119Gi       1.5Gi       251Mi       4.6Gi       5.5Gi
Swap:          8.0Gi       520Mi       7.5Gi
               total        used        free      shared  buff/cache   available
Mem:           125Gi       119Gi       1.5Gi       251Mi       4.6Gi       5.5Gi
Swap:          8.0Gi       520Mi       7.5Gi
               total        used        free      shared  buff/cache   available
Mem:           125Gi       119Gi       1.5Gi       251Mi       4.6Gi       5.5Gi
Swap:          8.0Gi       520Mi       7.5Gi
               total        used        free      shared  buff/cache   available
Mem:           125Gi       119Gi       1.5Gi       251Mi       4.6Gi       5.5Gi
Swap:          8.0Gi       520Mi       7.5Gi
               total        used        free      shared  buff/cache   available
Mem:           125Gi       119Gi       1.5Gi       251Mi       4.6Gi       5.5Gi
Swap:          8.0Gi       520Mi       7.5Gi
               total        used        free      shared  buff/cache   available
Mem:           125Gi       119Gi       1.5Gi       251Mi       4.6Gi       5.5Gi
Swap:          8.0Gi       520Mi       7.5Gi
               total        used        free      shared  buff/cache   available
Mem:           125Gi       119Gi       1.5Gi       251Mi       4.6Gi       5.5Gi
Swap:          8.0Gi       520Mi       7.5Gi
               total        used        free      shared  buff/cache   available
Mem:           125Gi       119Gi       1.5Gi       251Mi       4.6Gi       5.5Gi
Swap:          8.0Gi       520Mi       7.5Gi
               total        used        free      shared  buff/cache   available
Mem:           125Gi       119Gi       1.5Gi       251Mi       4.6Gi       5.5Gi
Swap:          8.0Gi       520Mi       7.5Gi
               total        used        free      shared  buff/cache   available
Mem:           125Gi       119Gi       1.5Gi       251Mi       4.6Gi       5.5Gi
Swap:          8.0Gi       520Mi       7.5Gi
               total        used        free      shared  buff/cache   available
Mem:           125Gi       119Gi       1.5Gi       251Mi       4.6Gi       5.5Gi
Swap:          8.0Gi       520Mi       7.5Gi
               total        used        free      shared  buff/cache   available
Mem:           125Gi       119Gi       1.5Gi       251Mi       4.6Gi       5.5Gi
Swap:          8.0Gi       520Mi       7.5Gi
               total        used        free      shared  buff/cache   available
Mem:           125Gi       119Gi       1.6Gi       230Mi       4.5Gi       5.6Gi
Swap:          8.0Gi       520Mi       7.5Gi
               total        used        free      shared  buff/cache   available
Mem:           125Gi       119Gi       1.6Gi       230Mi       4.5Gi       5.6Gi
Swap:          8.0Gi       520Mi       7.5Gi
               total        used        free      shared  buff/cache   available
Mem:           125Gi       119Gi       1.7Gi       220Mi       4.5Gi       5.7Gi
Swap:          8.0Gi       520Mi       7.5Gi
               total        used        free      shared  buff/cache   available
Mem:           125Gi       119Gi       1.7Gi       220Mi       4.5Gi       5.7Gi
Swap:          8.0Gi       520Mi       7.5Gi
               total        used        free      shared  buff/cache   available
Mem:           125Gi       119Gi       1.7Gi       220Mi       4.5Gi       5.7Gi
Swap:          8.0Gi       520Mi       7.5Gi
               total        used        free      shared  buff/cache   available
Mem:           125Gi       119Gi       1.6Gi       233Mi       4.5Gi       5.6Gi
Swap:          8.0Gi       520Mi       7.5Gi
               total        used        free      shared  buff/cache   available
Mem:           125Gi       119Gi       1.6Gi       236Mi       4.5Gi       5.6Gi
Swap:          8.0Gi       520Mi       7.5Gi
               total        used        free      shared  buff/cache   available
Mem:           125Gi       119Gi       1.4Gi       235Mi       4.5Gi       5.5Gi
Swap:          8.0Gi       520Mi       7.5Gi
               total        used        free      shared  buff/cache   available
Mem:           125Gi       119Gi       1.4Gi       235Mi       4.5Gi       5.5Gi
Swap:          8.0Gi       520Mi       7.5Gi
               total        used        free      shared  buff/cache   available
Mem:           125Gi       119Gi       1.5Gi       233Mi       4.5Gi       5.5Gi
Swap:          8.0Gi       520Mi       7.5Gi
               total        used        free      shared  buff/cache   available
Mem:           125Gi       119Gi       1.4Gi       233Mi       4.5Gi       5.5Gi
Swap:          8.0Gi       520Mi       7.5Gi
               total        used        free      shared  buff/cache   available
Mem:           125Gi       119Gi       1.5Gi       233Mi       4.5Gi       5.6Gi
Swap:          8.0Gi       520Mi       7.5Gi
               total        used        free      shared  buff/cache   available
Mem:           125Gi       119Gi       1.5Gi       233Mi       4.5Gi       5.6Gi
Swap:          8.0Gi       520Mi       7.5Gi
               total        used        free      shared  buff/cache   available
Mem:           125Gi       119Gi       1.5Gi       232Mi       4.5Gi       5.6Gi
Swap:          8.0Gi       520Mi       7.5Gi
               total        used        free      shared  buff/cache   available
Mem:           125Gi       119Gi       1.5Gi       233Mi       4.5Gi       5.6Gi
Swap:          8.0Gi       520Mi       7.5Gi
               total        used        free      shared  buff/cache   available
Mem:           125Gi       119Gi       1.6Gi       233Mi       4.5Gi       5.6Gi
Swap:          8.0Gi       520Mi       7.5Gi
               total        used        free      shared  buff/cache   available
Mem:           125Gi       119Gi       1.6Gi       233Mi       4.5Gi       5.7Gi
Swap:          8.0Gi       520Mi       7.5Gi
               total        used        free      shared  buff/cache   available
Mem:           125Gi       119Gi       1.5Gi       234Mi       4.5Gi       5.6Gi
Swap:          8.0Gi       520Mi       7.5Gi
               total        used        free      shared  buff/cache   available
Mem:           125Gi       119Gi       1.4Gi       234Mi       4.5Gi       5.5Gi
Swap:          8.0Gi       520Mi       7.5Gi
               total        used        free      shared  buff/cache   available
Mem:           125Gi       119Gi       1.4Gi       233Mi       4.5Gi       5.5Gi
Swap:          8.0Gi       520Mi       7.5Gi
               total        used        free      shared  buff/cache   available
Mem:           125Gi       119Gi       1.5Gi       233Mi       4.5Gi       5.6Gi
Swap:          8.0Gi       520Mi       7.5Gi
               total        used        free      shared  buff/cache   available
Mem:           125Gi       119Gi       1.5Gi       233Mi       4.5Gi       5.6Gi
Swap:          8.0Gi       520Mi       7.5Gi
               total        used        free      shared  buff/cache   available
Mem:           125Gi       119Gi       1.4Gi       233Mi       4.5Gi       5.6Gi
Swap:          8.0Gi       520Mi       7.5Gi
               total        used        free      shared  buff/cache   available
Mem:           125Gi       119Gi       1.6Gi       233Mi       4.5Gi       5.7Gi
Swap:          8.0Gi       520Mi       7.5Gi
               total        used        free      shared  buff/cache   available
Mem:           125Gi       119Gi       1.5Gi       233Mi       4.5Gi       5.7Gi
Swap:          8.0Gi       520Mi       7.5Gi
               total        used        free      shared  buff/cache   available
Mem:           125Gi       119Gi       1.5Gi       233Mi       4.5Gi       5.7Gi
Swap:          8.0Gi       520Mi       7.5Gi
               total        used        free      shared  buff/cache   available
Mem:           125Gi       119Gi       1.5Gi       233Mi       4.5Gi       5.7Gi
Swap:          8.0Gi       520Mi       7.5Gi
               total        used        free      shared  buff/cache   available
Mem:           125Gi       119Gi       1.5Gi       233Mi       4.5Gi       5.7Gi
Swap:          8.0Gi       520Mi       7.5Gi
               total        used        free      shared  buff/cache   available
Mem:           125Gi       119Gi       1.5Gi       233Mi       4.5Gi       5.6Gi
Swap:          8.0Gi       520Mi       7.5Gi
               total        used        free      shared  buff/cache   available
Mem:           125Gi       119Gi       1.6Gi       233Mi       4.5Gi       5.7Gi
Swap:          8.0Gi       520Mi       7.5Gi
               total        used        free      shared  buff/cache   available
Mem:           125Gi       119Gi       1.6Gi       233Mi       4.5Gi       5.7Gi
Swap:          8.0Gi       520Mi       7.5Gi
               total        used        free      shared  buff/cache   available
Mem:           125Gi       119Gi       1.5Gi       233Mi       4.5Gi       5.7Gi
Swap:          8.0Gi       520Mi       7.5Gi
               total        used        free      shared  buff/cache   available
Mem:           125Gi       119Gi       1.5Gi       233Mi       4.5Gi       5.6Gi
Swap:          8.0Gi       520Mi       7.5Gi
               total        used        free      shared  buff/cache   available
Mem:           125Gi       119Gi       1.5Gi       233Mi       4.5Gi       5.6Gi
Swap:          8.0Gi       520Mi       7.5Gi
